"tk","territory","lat","lon"
"10021","ΒΟΥΛΗ ΤΩΝ ΕΛΛΗΝΩΝ","37.974511","23.7330711"
"10431","ΠΛΑΤΕΙΑ ΟΜΟΝΟΙΑΣ ΑΘΗΝΑ","37.9844383","23.7281172"
"10432","ΠΛΑΤΕΙΑ ΒΑΘΗΣ ΠΛΑΤΕΙΑ ΒΙΚΤΩΡΙΑ","37.987244200000006","23.726373100000004"
"10433","ΠΟΛΥΤΕΧΝΕΙΟ ΑΘΗΝΑ","37.989641","23.7275757"
"10434","ΠΛΑΤΕΙΑ ΒΙΚΤΩΡΙΑΣ ΑΘΗΝΑ","37.9934691","23.7275065"
"10435","ΜΕΤΑΞΟΥΡΓΕΙΟ ΑΘΗΝΑ","37.98224729786504","23.715731956733467"
"10436","ΠΛΑΤΕΙΑ ΟΜΟΝΟΙΑΣ","37.9844383","23.7281172"
"10437","ΠΛΑΤΕΙΑ ΟΜΟΝΟΙΑΣ","37.9844383","23.7281172"
"10438","ΣΤΑΘΜΟΣ ΛΑΡΙΣΗΣ","37.9879692030282","23.723614420877638"
"10439","ΣΤΑΘΜΟΣ ΛΑΡΙΣΗΣ","37.990744955222674","23.723862707834506"
"10440","ΣΤΑΘΜΟΣ ΛΑΡΙΣΗΣ","37.99456769645567","23.724450717178975" 
"10441","ΚΟΛΩΝΟΣ","7.98880671033164","23.71265048820757"
"10442","ΚΟΛΩΝΟΣ","37.99549767796379","23.70411421971442"
"10443","ΣΕΠΟΛΙΑ","38.0045679","23.7160906"
"10444","ΚΟΛΩΝΟΣ","37.9944925","23.7042077"
"10445","ΤΡΕΙΣ ΓΕΦΥΡΕΣ ΑΘΗΝΑ","38.0158537","23.7268584"
"10446","ΠΛΑΤΕΙΑ ΑΜΕΡΙΚΗΣ ΚΥΨΕΛΗ","38.002616100000004","23.7334402"
"10447","ΑΘΗΝΑ ΒΟΤΑΝΙΚΟΣ","37.9823979","23.6940037"
"10551","ΠΛΑΤΕΙΑ ΚΛΑΥΘΜΩΝΟΣ","37.9816306","23.728139600000002"
"10552","ΠΛΑΤΕΙΑ ΟΜΟΝΟΙΑ ΜΟΝΑΣΤΗΡΑ","37.9844383","23.7281172"
"10553","ΚΕΡΑΜΕΙΚΟΣ ΑΘΗΝΑ","37.9782036","23.7189366"
"10554","ΨΥΡΡΗ ΑΘΗΝΑ","37.9787307","23.7246486"
"10555","ΜΟΝΑΣΤΗΡΑΚΙ","37.9768364","23.7157623"
"10556","ΠΛΑΤΕΙΑ ΜΗΤΡΟΠΟΛΕΩΣ","37.97436535193605","23.728833999986634"
"10557","ΠΛΑΤΕΙΑ ΣΥΝΤΑΓΜΑΤΟΣ","37.9755042","23.73267610000001"
"10558","ΠΛΑΚΑ ΘΗΣΕΙΟ","37.977031200000006","23.7223758"
"10559","ΠΛΑΤΕΙΑ ΚΛΑΥΘΜΩΝΟΣ","37.9794328","23.7311148"
"10560","ΧΡΥΣΟΣΠΗΛΙΩΤΙΣΣΑ","37.9824516","23.730563"
"10561","ΠΛΑΤΕΙΑ ΚΛΑΥΘΜΩΝΟΣ","37.9799104","23.7293852"
"10562","ΠΛΑΤΕΙΑ ΣΥΝΤΑΓΜΑΤΟΣ ΠΛΑΚΑ","37.9756512","23.7340008"
"10563","ΠΛΑΤΕΙΑ ΟΜΟΝΟΙΑ ΜΟΝΑΣΤΗΡΑ","37.9844383","23.7281172"
"10564","ΛΕΩΦΟΡΟ ΑΜΑΛΙΑΣ ΣΥΝΤΑΓΜΑ","37.974511","23.7330711"
"10671","ΠΛΑΤΕΙΑ ΚΑΝΙΓΓΟΣ ΣΥΝΤΑΓΜΑ","37.9755042","23.73267610000001"
"10672","ΠΛΑΤΕΙΑ ΚΑΝΙΓΓΟΣ ΣΥΝΤΑΓΜΑ","37.9755042","23.73267610000001"
"10673","ΚΟΛΩΝΑΚΙ","37.9779718","23.74299580000001"
"10674","ΕΘΝΙΚΟΣ ΚΗΠΟΣ ΖΑΠΠΕΙ","37.9734542","23.735698"
"10675","ΚΟΛΩΝΑΚΙ ΕΥΑΓΓΕΛΙΣΜΟ","37.9769393","23.743741600000003"
"10676","ΕΥΑΓΓΕΛΙΣΜΟΣ","40.6953398","23.2203643"
"10677","ΠΛΑΤΕΙΑ ΚΑΝΙΓΓΟΣ ΣΥΝΤΑΓΜΑ","37.9755042","23.73267610000001"
"10678","ΠΛΑΤΕΙΑ ΚΑΝΙΓΓΟΣ ΣΥΝΤΑΓΜΑ","37.9755042","23.73267610000001"
"10679","ΠΛΑΤΕΙΑ ΚΑΝΙΓΓΟΣ ΣΥΝΤΑΓΜΑ","37.9755042","23.73267610000001"
"10680","ΕΞΑΡΧΕΙΑ ΑΘΗΝΑ","37.986488200000004","23.7278787"
"10681","ΕΞΑΡΧΕΙΑ ΑΘΗΝΑ","37.9864722","23.7366549"
"10682","ΙΟΥΛΙΑΝΟΥ","37.991622799999995","23.7268584"
"10683","ΘΕΜΟΣΤΟΚΛΕΟΥΣ","37.9856191","23.7311693"
"11141","ΚΥΠΡΙΑΔΟΥ ΑΘΗΝΑ","38.01946179999999","23.7417658"
"11142","ΛΑΜΠΡΙΝΗ ΑΘΗΝΑ","38.0229304","23.7494423"
"11143","ΡΙΖΟΥΠΟΛΗ ΑΘΗΝΑ","38.027054299999996","23.7403394"
"11144","ΚΑΤΩ ΠΑΤΗΣΙΑ","38.0119201","23.7279894"
"11145","ΤΡΕΙΣ ΓΕΦΥΡΕΣ ΑΘΗΝΑ","38.0157683","23.72293160000001"
"11146","ΓΑΛΑΤΣΙ ΛΑΜΠΡΙΝΗ","38.0229304","23.7494423"
"11147","ΓΑΛΑΤΣΙ ΚΑΡΑΓΙΑΝΕΙΚΑ","38.0102422","23.7398972"
"11251","ΠΛΑΤΕΙΑ ΑΜΕΡΙΚΗΣ","38.0026203","23.7312462"
"11252","ΠΛΑΤΕΙΑ ΑΤΤΙΚΗΣ","37.996329100000004","23.7203113"
"11253","ΚΑΤΩ ΠΑΤΗΣΙΑ","38.0119201","23.7279894"
"11254","ΚΑΤΩ ΠΑΤΗΣΙΑ","38.0119362","23.7192132"
"11255","ΠΛΑΤΕΙΑ ΚΟΛΙΑΤΣΟΥ ΚΥΨΕΛΗ","38.0100651","23.7325715"
"11256","ΠΛΑΤΕΙΑ ΚΟΛΙΑΤΣΟΥ ΚΥΨΕΛΗ","38.0100651","23.7325715"
"11257","ΠΛΑΤΕΙΑ ΑΜΕΡΙΚΗΣ ΚΥΨΕΛΗ","38.0026161","23.7334402"
"11361","ΠΛΑΤΕΙΑ ΑΜΕΡΙΚΗΣ","38.0026203","23.7312462"
"11362","ΚΥΨΕΛΗ","37.9968987","23.740664000000002"
"11363","ΝΕΑ ΚΥΨΕΛΗ","37.99841320000001","23.7469201"
"11364","ΑΜΠΕΛΟΚΗΠΟΙ","38.005758510869825","23.74395720580926"
"11471","ΝΕΑΠΟΛΗ ΑΘΗΝΑΣ","37.98432929999999","23.732948"
"11472","ΝΕΑΠΟΛΗ ΑΘΗΝΑΣ","37.98432929999999","23.732948"
"11473","ΝΕΑΠΟΛΗ ΑΘΗΝΑΣ","37.98432929999999","23.732948"
"11474","ΓΚΥΖΗ","37.9909165","23.745949300000003"
"11475","ΓΚΥΖΗ","37.9909165","23.745949300000003"
"11476","ΓΚΥΖΗ","37.9909165","23.745949300000003"
"11521","ΕΥΑΓΓΕΛΙΣΜΟΣ","37.9800129","23.7484385"
"11522","ΑΜΠΕΛΟΚΗΠΟΙ ΓΚΥΖΗ","40.681937299999994","22.9333079"
"11523","ΑΜΠΕΛΟΚΗΠΟΙ","37.9891078","23.763438600000004"
"11524","ΑΜΠΕΛΟΚΗΠΟΙ","37.9891078","23.763438600000004"
"11525","ΕΛΛΗΝΟΡΡΩΣΩΝ","37.9967282","23.774901"
"11526","ΕΡΥΘΡΟΣ ΣΤΑΥΡΟΣ","37.9919459","23.772459"
"11527","ΜΙΧΑΛΑΚΟΠΟΥΛΟΥ","37.980943599999996","23.7576755"
"11528","ΜΙΧΑΛΑΚΟΠΟΥΛΟΥ","37.980943599999996","23.7576755"
"11631","ΓΟΥΒΑ","37.9591224","23.7359473"
"11632","ΓΟΥΒΑ","37.9591224","23.7359473"
"11633","ΠΑΓΚΡΑΤΙ","37.9716429","23.74728829999999"
"11634","ΠΑΓΚΡΑΤΙ","37.9716429","23.7472883"
"11635","ΣΤΑΔΙΟΑΘΗΝΑ","37.9697566","23.7399832"
"11636","1ο ΝΕΚΡΟΤΑΦΕΙΟ ΑΘΗΝΩΝ","37.9641069","23.7341246"
"11741","ΚΟΥΚΑΚΙ","37.9665736","23.724985399999998"
"11742","ΦΙΛΟΠΠΑΠΟΥ","37.9657156","23.7144061"
"11743","ΚΥΝΟΣΑΡΓΟΥΣ","37.96258870000001","23.7306539"
"11744","ΝΕΟΣ ΚΟΣΜΟΣ","37.95689649999999","23.7246066"
"11745","ΝΕΟΣ ΚΟΣΜΟΣ","37.95689649999999","23.7246066"
"11851","ΘΗΣΕΙΟ","37.9758184","23.719245"
"11852","ΠΕΤΡΑΛΩΝΑ ΑΝΩ","37.9683465","23.7116423"
"11853","ΠΕΤΡΑΛΩΝΑ ΚΑΤΩ","37.9719133","23.7069358"
"11854","ΡΟΥΦ ΚΑΤΩ ΠΕΤΡΑΛΩΝΑ","37.98422300000001","23.6923609"
"11855","ΒΟΤΑΝΙΚΟΣ","37.9823937","23.6961977"
"12131","ΠΕΡΙΣΤΕΡΙΒΙΑΜΑΞ","37.99941629999999","23.6901635"
"12132","ΠΕΡΙΣΤΕΡΙ ΝΕΑ ΚΟΛΟΚΥΝΘ","38.0061651","23.7068523"
"12133","ΝΕΑ ΣΕΠΟΛΙΑ ΠΕΡΙΣΤΕΡ","38.0151396","23.704609899999998"
"12134","ΠΕΡΙΣΤΕΡΙ","38.0117014","23.6957128"
"12135","ΠΕΡΙΣΤΕΡΙ","38.0226558","23.688004199999998"
"12136","ΠΕΡΙΣΤΕΡΙ","38.0078308","23.6823818"
"12137","ΠΕΡΙΣΤΕΡΙ ΝΕΑ ΖΩΗ","37.9996433","23.6859723"
"12241","ΑΙΓΑΛΕΩ","37.9894728","23.6789292"
"12242","ΑΙΓΑΛΕΩ ΣΩΤΗΡΑΚΗ","37.9959694569943","23.68676097505545"
"12243","ΑΙΓΑΛΕΩ ΑΝΑΓΕΝΝΗΣΗ","38.002842","23.6796924"
"12244","ΑΙΓΑΛΕΩ","37.9910674","23.6707902"
"12351","ΑΓΙΑ ΒΑΡΒΑΡΑ","37.9890595","23.6569691"
"12461","ΧΑΙΔΑΡΙ","38.00529810000001","23.6642751"
"12462","ΧΑΙΔΑΡΙ ΔΑΣΟΣ","38.0159263","23.6476468"
"13121","ΝΕΑ ΛΙΟΣΙΑ ΠΑΛΑΤΙΑΝΗ","38.0269674","23.6925299"
"13122","ΝΕΑ ΛΙΟΣΙΑ ΑΓΙΑ ΦΑΝΟΥΡΙ","38.0203126","23.7095937"
"13123","ΝΕΑ ΛΙΟΣΙΑ","38.03747070000001","23.697886399999998"
"13231","ΠΕΤΡΟΥΠΟΛΗ","38.0423558","23.6842658"
"13232","ΠΕΤΡΟΥΠΟΛΗ","38.0379734","23.6928868"
"13341","ΑΝΩ ΛΙΟΣΙΑ","38.0807098","23.706754999999998"
"13342","ΜΕΝΙΔΙ","38.0737425","23.704817499999997"
"13343","ΜΕΝΙΔΙ","38.0879825","23.6957867"
"13344","ΑΝΩ ΛΙΟΣΙΑ","38.0682525","23.7049521"
"13351","ΦΥΛΗ","38.102909","23.6690367"
"13451","ΖΕΦΥΡΙ","38.0708633","23.7082439"
"13461","ΖΕΦΥΡΙ","38.0656555","23.719126199999998"
"13501","ΖΕΦΥΡΙ","38.0656555","23.719126199999998"
"13561","ΑΓΙΑ ΑΝΑΡΓΥΡΟΙ","38.0281846","23.718402899999997"
"13562","ΑΓΙΑ ΑΝΑΡΓΥΡΟΙ","38.0368388","23.7276852"
"13671","ΠΑΡΝΗΘΑ ΦΥΛΗ","38.1660001","23.6743801"
"13672","ΜΕΝΙΔΙ","38.0852204","23.738064"
"13673","ΜΕΝΙΔΙ","38.08469520000001","23.740659899999997"
"13674","ΜΕΝΙΔΙ","38.0920609","23.732925899999998"
"13675","ΜΕΝΙΔΙ","38.0838408","23.7348483"
"13676","ΜΕΝΙΔΙ","38.1303168","23.758726899999996"
"13677","ΟΛΥΜΠΙΑΚΟ ΧΩΡΙΟ","38.1101145","23.768349100000002"
"13678","ΟΛΥΜΠΙΑΚΟ ΧΩΡΙΟ","38.1115783","23.7631177"
"13679","ΟΛΥΜΠΙΑΚΟ ΧΩΡΙΟ","38.10791920000001","23.7631182"
"14121","ΗΡΑΚΛΕΙΟ ΝΕΑ ΗΡΑΚΛΕΙΟ","38.0472708","23.7714547"
"14122","ΗΡΑΚΛΕΙΟ","38.0511604","23.7680577"
"14123","ΜΕΤΑΜΟΡΦΩΣΗ ΛΥΚΟΒΡΥΣ","38.0673903","23.7813182"
"14231","ΝΕΑ ΙΩΝΙΑ ΙΩΝΙΑ","38.0441541","23.7501561"
"14232","ΝΕΑ ΙΩΝΙΑ","38.0330559","23.749811800000003"
"14233","ΝΕΟΚΤΙΣΤΑ ΝΕΑΠΟΛΕΩΣ","38.0314024","23.7618449"
"14234","ΝΕΑ ΙΩΝΙΑ ΕΛΕΥΘΕΡΟΥΠΟΛ","38.0410095","23.757866800000002"
"14235","ΝΕΑ ΙΩΝΙΑ ΚΑΛΟΓΡΕΖΑ","38.0350363","23.775992499999997"
"14341","ΝΕΑ ΦΙΛΑΔΕΛΦΕΙΑ","38.033916","23.737403"
"14342","ΝΕΑ ΦΙΛΑΔΕΛΦΕΙΑ","38.0452058","23.742242899999997"
"14343","ΝΕΑ ΧΑΛΚΗΔΟΝΑ","38.0293616","23.7329608"
"14451","ΜΕΤΑΜΟΡΦΩΣΗ","38.0556442","23.7583685"
"14452","ΜΕΤΑΜΟΡΦΩΣΗ","38.0622969","23.7599103"
"14561","ΣΤΑΘΜΟΣ ΗΣΑΠ ΚΗΦΙΣΙΑ","38.0739486","23.8060457"
"14562","ΚΗΦΙΣΙΑ","38.0722402","23.8139199"
"14563","ΚΗΦΙΣΙΑ ΠΟΛΙΤΕΙΑ","38.0872794","23.8308952"
"14564","ΚΗΦΙΣΙΑ ΝΕΑ ΚΗΦΗΣΙΑ","38.09562929999999","23.7913435"
"14565","ΑΓΙΟΣ ΣΤΕΦΑΝΟΣ","38.141707","23.858688600000004"
"14568","ΚΡΥΟΝΕΡΙ","38.13607070000001","23.8290729"
"14569","ΑΝΟΙΞΗ","38.1317568","23.8603199"
"14572","ΔΡΟΣΙΑ","38.119756","23.8661305"
"14574","ΡΟΔΟΠΟΛΗ","38.1167583","23.8760815"
"14575","ΣΤΑΜΑΤΑ","38.1261246","23.8707783"
"14576","ΔΙΟΝΥΣΟΣ","38.0987438","23.8790184"
"14578","ΕΚΑΛΗ","38.1008771","23.8350796"
"14671","ΝΕΑ ΕΡΥΘΡΑΙΑ","38.0926493","23.8200477"
"15121","ΠΕΥΚΗ Κ.ΠΕΥΚΗ","38.0529489","23.79056"
"15122","ΜΑΡΟΥΣΙ ΑΜΑΛΙΕΙΟ ΟΡΦ","38.05495620000001","23.807655"
"15123","ΜΑΡΟΥΣΙ ΝΕΑ ΦΙΛΟΘΕΗ","38.0314264","23.785385199999997"
"15124","ΜΑΡΟΥΣΙ","38.0512581","23.8021097"
"15125","ΜΑΡΟΥΣΙ ΠΑΡΑΔΕΙΣΟΣ","38.0453","23.8203025"
"15126","ΜΑΡΟΥΣΙ ΝΕΑ ΛΕΣΒΟΣ","38.0563575","23.8259775"
"15127","ΜΕΛΙΣΣΙΑ","38.0572295","23.8336016"
"15231","ΧΑΛΑΝΔΡΙ ΑΓΙΑ ΒΑΡΒΑΡΑ","38.0137595","23.7854066"
"15232","ΧΑΛΑΝΔΡΙ","38.020741","23.7959223"
"15233","ΧΑΛΑΝΔΡΙ","38.024942","23.79748"
"15234","ΧΑΛΑΝΔΡΙ","38.02657070000001","23.8198045"
"15235","ΒΡΙΛΗΣΣΙΑ","38.0329785","23.831904"
"15236","ΠΕΝΤΕΛΗ ΝΕΑ ΠΕΝΤΕΛΗΟΡ","38.0606091","23.8590907"
"15237","ΦΙΛΟΘΕΗ","38.02509879999999","23.7791452"
"15238","ΧΑΛΑΝΔΡΙ","38.03272466973694","23.8486730360786"
"15341","ΑΓΙΑ ΠΑΡΑΣΚΕΥΗ ΝΕΑ ΖΩΗ","38.00904439999999","23.8200341"
"15342","ΑΓΙΑ ΠΑΡΑΣΚΕΥΗ ΑΓΙΑΝΝΗ","38.0077479","23.825202899999997"
"15343","ΑΓΙΑ ΠΑΡΑΣΚΕΥΗ ΠΕΥΚΑΚΙ","38.0210263","23.8430443"
"15344","ΑΝΘΟΥΣΑ","38.0230869","23.8724272"
"15349","ΑΝΘΟΥΣΑ","38.0230869","23.8724272"
"15351","ΠΑΛΛΗΝΗ","38.00351029999999","23.883515799999998"
"15354","ΓΛΥΚΑ ΝΕΡΑ","37.993481","23.848306"
"15451","ΝΕΑ ΨΥΧΙΚΟ","38.0049076","23.7785742"
"15452","ΨΥΧΙΚΟ ΑΓΙΑ ΔΗΜΗΤΡΙΟΣ","38.0114368","23.777097899999998"
"15561","ΧΟΛΑΡΓΟΣ ΝΑΟΣ ΦΑΝΕΡΩ","38.0026476","23.7986048"
"15562","ΧΟΛΑΡΓΟΣ ΠΛΑΤΕΙΑ ΕΘ ΝΕΑ ΑΝΤΙ","38.0026476","23.7986048"
"15669","ΠΑΠΑΓΟΥ","37.9885749","23.7965135"
"15771","ΖΩΓΡΑΦΟΥ ΑΝΩ ΙΛΙΣΙΑ","37.9743287","23.7736717"
"15772","ΖΩΓΡΑΦΟΥ ΑΝΩ ΙΛΙΣΙΑ","37.9743287","23.7736717"
"15773","ΖΩΓΡΑΦΟΥ ΓΟΥΔΙ","37.9807643","23.7708378"
"15780","ΠΑΝΕΠΙΣΤΗΜΙΟΥΠΟΛΗ","37.9782117149277","23.780088355072618"
"16121","ΚΑΙΣΑΡΙΑΝΗ ΓΗΠΕΔΑ ΝΗΑΡ ΗΣΤ","37.966955","23.7594267"
"16122","ΚΑΙΣΑΡΙΑΝΗ ΑΝΩ ΚΑΙΣΑΡΙΑΝΗ","37.9656684","23.7617788"
"16231","ΒΥΡΩΝ ΝΕΑ ΕΛΒΕΤΙΑ","37.9573636","23.758256399999997"
"16232","ΒΥΡΩΝΑΣ","37.9617869","23.7513958"
"16233","ΒΥΡΩΝ ΖΩΟΔΟΧΟΣ ΠΗΓΗ","37.9543661","23.760511800000003"
"16341","ΗΛΙΟΥΠΟΛΗ ΚΑΤΩ ΗΛΙΟΥΠΟΛΗ","37.9336901","23.738021300000003"
"16342","ΗΛΙΟΥΠΟΛΗ ΑΣΤΥΝΟΜΙΚΑ","37.9239945","23.7629925"
"16343","ΗΛΙΟΥΠΟΛΗ ΑΝΩ ΝΕΑ ΗΛΙΟΥΠΟΥΛΗ","37.9461185","23.7445474"
"16344","ΗΛΙΟΥΠΟΛΗ ΑΝΩ ΗΛΙΟΥΠΟΛΗ","37.94610249999999","23.7533236"
"16345","ΗΛΙΟΥΠΟΛΗ ΑΝΩ ΗΛΙΟΥΠΟΛΗ","37.9766976","23.783828399999997"
"16346","ΗΛΙΟΥΠΟΛΗ ΚΑΤΩ ΗΛΙΟΥΠΟΛΗ","37.9336901","23.738021300000003"
"16451","ΑΡΓΥΡΟΥΠΟΛΗ","37.9059632","23.753752"
"16452","ΑΡΓΥΡΟΥΠΟΛΗ","37.9093343","23.7408677"
"16561","ΓΛΥΦΑΔΑ Α.ΓΛΥΦΑΔΑ","37.8650426","23.7550447"
"16562","ΓΛΥΦΑΔΑ ΤΕΡΨΙΘΕΑ","37.8931223","23.7702"
"16671","ΒΟΥΛΙΑΓΜΕΝΗ  ΜΙΚΡΟ ΚΑΒΟΥΡΙ","37.81848345156462","23.77699232142092"
"16672","ΒΑΡΗ","37.8334351","23.802873"
"16673","ΒΟΥΛΑ ΑΝΩ ΒΟΥΛΑ","37.8523416","23.772468300000003"
"16674","ΓΛΥΦΑΔΑ","37.8619956","23.7541813"
"16675","ΓΛΥΦΑΔΑ","37.8640519","23.7454264"
"16777","ΕΛΛΗΝΙΚΟ ΑΓΙΑ ΠΑΡΑΣΚΕΥ","37.904557","23.7423393"
"17121","ΝΕΑ ΣΜΥΡΝΗ ΓΗΠ.ΠΑΝΙΩΝΙ","37.9442881","23.7117556"
"17122","ΝΕΑ ΣΜΥΡΝΗ","37.9407215","23.7104113"
"17123","ΝΕΑ ΣΜΥΡΝΗ ΠΛΑΤΕΙΑ ΗΡ.ΚΥΠΡΟ","37.93773090000001","23.7162886"
"17124","ΝΕΑ ΣΜΥΡΝΗ ΑΝΩ ΝΕΑ ΣΜΥΡΝ","37.94453985666967","23.722470912038144"
"17234","ΔΑΦΝΗ Α.ΔΑΦΝΗ","37.95198598202516","23.729778028202634"
"17235","ΔΑΦΝΗ","37.9505331","23.7347983"
"17236","ΥΜΗΤΤΟΣ ΚΑΛΥΚΟΠΟΙΕΙΟ","37.95196710000001","23.744877"
"17237","ΥΜΗΤΤΟΣ ΠΑΡ.ΑΛΕΞΑΝ","37.9525906","23.746452800000004"
"17341","ΑΓΙΑ ΔΗΜΗΤΡΙΟΣ","37.9394366","23.7312607"
"17342","ΑΓΙΑ ΔΗΜΗΤΡΙΟΣ ΕΘ ΝΕΑ ΑΝΤΙΣ","37.9341226","23.7205138"
"17343","ΑΓΙΑ ΔΗΜΗΤΡΙΟΣ ΑΝΟΙΞΗ","37.9395169","23.7318733"
"17455","ΑΛΙΜΟΣ ΚΑΛΑΜΑΚΙ","37.91204260000001","23.7098513"
"17456","ΑΛΙΜΟΣ ΕΚΤΕΛΩΝΙΣΤΩΝ","37.921968","23.736418399999998"
"17561","Π.ΦΑΛΗΡΟ","37.93021407594268","23.691022204805524"
"17562","Π.ΦΑΛΗΡΟ","37.92493889509953","23.701583845051474"
"17563","Π.ΦΑΛΗΡΟ","37.92677124135953","23.709290535183573"
"17564","Π.ΦΑΛΗΡΟ ΑΜΦΙΘΕΑ","37.941897","23.6898832"
"17671","ΚΑΛΛΙΘΕΑ ΧΑΡΟΚΟΠΟΥ","37.95743020000001","23.7107086"
"17672","ΚΑΛΛΙΘΕΑ ΧΑΡΟΚΟΠΟΥ","37.9550651","23.7093329"
"17673","ΚΑΛΛΙΘΕΑ ΜΕΤΑΜΟΡΦΩΣΗ","37.9492563","23.693986300000002"
"17674","ΚΑΛΛΙΘΕΑ ΤΖΙΤΖΙΦΙΕΣ","37.9451122","23.686747399999998"
"17675","ΚΑΛΛΙΘΕΑ ΑΓΙΑ ΕΛΕΟΥΣΑ","37.95456970000001","23.6942572"
"17676","ΚΑΛΛΙΘΕΑ ΠΛΑΤΕΙΑ ΚΑΛΛΙΘΕΑ","37.960843032618506","23.70513671792822"
"17778","ΤΑΥΡΟΣ","37.9709961","23.6916685"
"18010","ΑΙΓΙΝΑ","37.7474254","23.429189899999997"
"18020","ΠΟΡΟΣ","37.50024929999999","23.455073300000002"
"18030","ΜΕΘΑΝΑ","37.58239860000001","23.388526199999998"
"18040","ΥΔΡΑ","37.3466624","23.4659497"
"18050","ΣΠΕΤΣΕΣ","37.2632783","23.157172199999998"
"18120","ΚΟΡΥΔΑΛΛΟΣ ΠΛΑΤΕΙΑ ΕΛΕΥΘΕΡΙΑΣ","37.977556299999996","23.648135"
"18121","ΚΟΡΥΔΑΛΛΟΣ ΦΥΛΑΚΕΣ","37.9838044","23.652488"
"18122","ΚΟΡΥΔΑΛΛΟΣ ΧΩΜΑΤΕΡΗ","37.99386985293427","23.642804489627515"
"18233","ΑΓΙΑ Ι.ΡΕΝΤΗΣ","37.964925","23.6651046"
"18344","ΜΟΣΧΑΤΟ","37.9461725","23.678281100000003"
"18345","ΜΟΣΧΑΤΟ","37.9531249","23.6816363"
"18346","ΜΟΣΧΑΤΟ","37.95834779999999","23.685446399999996"
"18450","ΝΙΚΑΙΑ ΑΓΙΑ ΧΡΥΣΟΣΤΟΜΟ","37.9701123","23.6423642"
"18451","ΝΙΚΑΙΑ ΝΕΑΠΟΛΗΣ","37.972929328186716","23.63754359797166"
"18452","ΝΙΚΑΙΑ ΝΕΑΠΟΛΗ","37.9801609","23.6404453"
"18453","ΝΙΚΑΙΑ ΝΕΑΠΟΛΗΣ","40.6714128","22.9261508"
"18454","ΝΙΚΑΙΑ ΑΣΠΡΑ ΧΩΜΑΤΑ","37.967250799999995","23.6612108"
"18510","ΤΕΛΩΝΕΙΟ Α'","37.9491278","23.640579"
"18531","ΠΕΙΡΑΙΑΣ","37.9447711","23.6432507"
"18532","ΠΕΙΡΑΙΑΣ","37.9471388","23.652288199999997"
"18533","ΠΕΙΡΑΙΑΣ ΚΑΣΤΕΛΛΑ","37.9410179","23.6600693"
"18534","ΠΕΙΡΑΙΑΣ ΠΛΑΤΕΙΑ ΑΛΕΞΑΝΔΡ","37.93463870000001","23.6507774"
"18535","ΠΕΙΡΑΙΑ","37.94167789999999","23.6483108"
"18536","ΠΕΙΡΑΙΑΣ ΧΑΤΖΗΚΥΡΙΑΚ","37.93693452663133","23.64394444724239"
"18537","ΠΕΙΡΑΙΑΣ ΑΓΙΑ ΝΙΚΟΛΑΟΣ","37.9383258","23.6398482"
"18538","ΠΕΙΡΑΙΑΣ ΧΑΤΖΗΚΥΡΙΑΚ","37.9349275","23.632022600000006"
"18539","ΠΕΙΡΑΙΑΣ ΚΑΛΛΙΠΟΛΙΣ","37.9307333","23.635475699999997"
"18540","ΠΕΙΡΑΙΑΣ","37.9522979","23.6518792"
"18541","ΠΕΙΡΑΙΑΣ ΑΠΟΛΛΩΝΟΣ","37.9528283","23.6661308"
"18542","ΠΕΙΡΑΙΕΥΣ ΚΟΚΚΙΝΙΑ","37.9620112","23.65356"
"18543","ΠΕΙΡΑΙΑΣ ΜΑΝΙΑΤΙΚΑ","37.9563672","23.6476099"
"18544","ΝΙΚΑΙΑ ΠΕΙΡΑΙΑΣ","37.95782970000001","23.6372814"
"18545","ΠΕΙΡΑΙΑ ΤΑΜΠΟΥΡΙΑ","37.9553709","23.635226199999998"
"18546","ΠΕΙΡΑΙΑΣ ΤΑΜΠΟΥΡΙΑ","37.95764715715603","23.631729146149638"
"18547","ΠΕΙΡΑΙΑΣ ΝΕΑ ΦΑΛΗΡΟ","37.94858410000001","23.6595454"
"18648","ΔΡΑΠΕΤΣΩΝΑ","37.9499825","23.6239953"
"18755","ΚΕΡΑΤΣΙΝΙ","37.9548428","23.6185383"
"18756","ΚΕΡΑΤΣΙΝΙ ΑΓΙΟΣ ΓΕΩΡΓΙΟΣ","37.961153","23.6168866"
"18757","ΚΕΡΑΤΣΙΝΙ ΑΜΦΙΑΛΗ","37.9701789","23.6214897"
"18758","ΚΕΡΑΤΣΙΝΙ ΑΜΦΙΑΛΗ","37.9678208","23.6170282"
"18863","ΠΕΡΑΜΑ","37.9656089","23.5677089"
"18900","ΣΑΛΑΜΙΝΑ","37.966284","23.4952437"
"18901","ΣΑΛΑΜΙΝΑ","37.964277536137985","23.512667554876124"
"18902","ΣΑΛΑΜΙΝΑ","37.954993","23.527785199999997"
"18903","ΣΑΛΑΜΙΝΑ","37.9040129","23.4418908"
"19001","ΚΕΡΑΤΕΑ","37.80717960000001","23.976341199999997"
"19002","ΠΑΙΑΝΙΑ","37.9553334","23.8522263"
"19003","ΜΑΡΚΟΠΟΥΛΟ","37.8833564","23.9333037"
"19004","ΣΠΑΤΑ","37.96464080000001","23.9070776"
"19005","ΑΓΙΑ ΑΝΔΡΕΑ ΖΟΥΜΠΕΡΙ","38.071912299999994","23.977630800000004"
"19006","ΝΕΑ ΠΕΡΑΜΟΣ Μ.ΠΕΥΚΟ","38.0125381","23.4233633"
"19007","ΜΑΡΑΘΩΝΑΣ","38.1532814","23.9619908"
"19008","ΕΡΥΘΡΕΣ","38.2174124","23.3221403"
"19009","ΠΙΚΕΡΜΙ ΜΑΤΙ","38.04972539999999","23.978685100000003"
"19010","ΚΑΛΥΒΙΑ ΘΟΡΙΚΟΥ","37.8405133","23.9284043"
"19011","ΜΑΛΑΚΑΣΑ","38.2388242","23.7964627"
"19012","ΒΙΛΙΑ ΠΟΡΤΟ ΓΕΡΜΕΝΟ","38.1550638","23.224884799999998"
"19013","ΣΑΡΩΝΙΔΑ ΑΝΑΒΥΣΟΣ","37.7186417","23.91727430000001"
"19014","ΚΑΠΑΝΔΡΙΤΙ ΒΑΡΝΑΒΑΣ","38.2520001","23.9454801"
"19015","ΩΡΩΠΟΣ ΚΑΛΑΜΟΣ","38.3169517379303","23.772351547073193"
"19016","ΑΡΤΕΜΙΣ ΛΟΥΤΣΑ","37.9613488","23.9952789"
"19018","ΜΑΓΟΥΛΑ","39.3840937","22.933412"
"19100","ΜΕΓΑΡΑ","37.9943201","23.3430496"
"19200","ΜΑΓΟΥΛΑ","39.3840937","22.933412"
"19300","ΑΣΠΡΟΠΥΡΓΟΣ","38.0609063","23.5910603"
"19400","ΚΟΡΩΠΙ KΑΡΕΛΛΑΣ","37.935109999999995","23.87509349999999"
"19500","ΛΑΥΡΙΟ","37.714177","24.057663199999997"
"19600","ΜΑΝΔΡΑ","38.0750425","23.5008508"
"20000","ΚΕΝΤΡΙΚΑ ΑΘ","0.0","0.0"
"20001","ΖΕΥΓΟΛΑΤΕΙΟ","37.93758560000001","22.8008984"
"20002","ΒΕΛΟ","37.9762148","22.759885"
"20003","ΑΓΙΟΙ ΘΕΟΔΩΡΟΙ","37.92824470000001","23.1433311"
"20004","ΣΟΦΙΚΟ","37.7937459","23.0535108"
"20005","ΑΘΙΚΙΑ","37.8195361","22.925002399999997"
"20006","ΒΡΑΧΑΤΙ","37.9578061","22.803968899999997"
"20007","ΑΡΧΑΙΑ ΚΟΡΙΝΘΟΣ","37.9071706","22.8814296"
"20008","ΧΙΛΙΟΜΟΔΙ","37.8116578","22.869699"
"20009","ΔΕΡΒΕΝΙ","38.13088629999999","22.4122809"
"20010","ΙΣΘΜΙΑ","37.9195435","23.0085259"
"20011","ΠΕΡΙΓΙΑΛΙ","37.9380499","22.836589"
"20012","ΛΥΚΟΠΟΡΙΑ","38.12847010000001","22.5067486"
"20013","ΕΛΛΗΝΙΚΟ","37.88893959999999","23.7435107"
"20014","ΓΚΟΥΡΑ","37.9326446","22.340797600000002"
"20015","ΣΟΥΛΙ","37.98632360000001","22.642972600000004"
"20016","ΚΑΛΙΑΝΟΙ","37.8890753","22.494705399999997"
"20017","ΚΛΗΜΕΝΤΙ","37.95977070000001","22.5635361"
"20100","ΚΟΡΙΝΘΟΣ","37.9386365","22.9322383"
"20200","ΚΙΑΤΟ","38.0126545","22.750170999999998"
"20300","ΛΟΥΤΡΑΚΙ","37.9759033","22.9774589"
"20400","ΞΥΛΟΚΑΣΤΡΟ","38.0772641","22.6326975"
"20500","ΝΕΜΕΑ","37.82133","22.660998"
"21051","ΕΡΜΙΟΝΗ","37.3869672","23.246768799999998"
"21052","ΛΥΓΟΥΡΙΟ","37.6123892","23.035883399999996"
"21053","ΝΕΑ ΚΙΟΣ","37.5874845","22.7447696"
"21054","ΝΕΑ ΕΠΙΔΑΥΡΟΣ","37.6773111","23.127566"
"21055","ΑΓΙΑ ΤΡΙΑΔΑ ΑΡΓΟΛΙΔ.","37.6376898","22.805810100000002"
"21056","ΤΟΛΟ","37.5211752","22.8597536"
"21057","ΑΧΛΑΔΟΚΑΜΠΟΣ","37.5228216","22.5812802"
"21058","ΛΥΡΚΕΙΑ","37.7045797","22.5513765"
"21059","ΠΑΛΑΙΑ ΕΠΙΔΑΥΡΟΣ","37.6376123","23.155505899999998"
"21060","ΔΡΕΠΑΝΟ","37.5401889","22.892368899999997"
"21061","ΠΟΡΤΟΧΕΛΙ","37.6149034","23.385078699999998"
"21100","ΝΑΥΠΛΙΟ","37.56731729999999","22.801553100000003"
"21200","ΑΡΓΟΣ","37.63517210000001","22.7288576"
"21300","ΚΡΑΝΙΔΙ","37.3805109","23.1602123"
"22001","ΑΣΤΡΟΣ","37.402745","22.7234331"
"22002","ΛΕΒΙΔΙ","37.6820682","22.2956396"
"22003","ΛΑΓΚΑΔΙΑ","37.6818606","22.03002080000001"
"22004","ΚΑΝΔΗΛΑ","38.7056996","20.9479351"
"22005","ΝΕΣΤΑΝΗ","37.61396269999999","22.465867199999998"
"22006","ΑΓΙΟΣ ΑΝΔΡΕΑΣ","37.9684692","23.474001"
"22007","ΔΗΜΗΤΣΑΝΑ","37.5955677","22.0395213"
"22008","ΤΡΟΠΑΙΑ","37.7322838","21.9594427"
"22009","ΑΓΙΟΣ ΠΕΤΡΟΣ","37.327691","22.5465824"
"22010","ΒΥΤΙΝΑ","37.670162","22.182665399999998"
"22011","ΚΟΛΛΙΝΕΣ","37.28614620000001","22.3604781"
"22012","ΣΤΑΔΙΟ","37.4588673","22.4358865"
"22013","ΚΑΣΤΡΙ","37.3637033","22.5394401"
"22014","ΒΑΛΤΕΣΙΝΙΚΟ","37.70477020000001","22.097269100000002"
"22015","ΚΟΝΤΙΒΑΖΑΙΝΑ","37.796887","21.899755399999997"
"22016","ΒΛΑΧΟΚΕΡΑΣΕΑ","37.3680405","22.377349600000002"
"22017","ΔΑΡΑΣ","37.7946118","22.2561008"
"22018","ΕΛΑΙΟΧΩΡΙ","40.8207633","24.242969199999997"
"22019","ΠΑΡΑΛΙΟ ΑΣΤΡΟΣ","37.4152314","22.76475060000001"
"22020","ΚΟΣΜΑΣ","37.0926331","22.7403737"
"22021","ΛΕΟΝΤΑΡΙ","37.3210783","22.145225"
"22022","ΚΑΡΙΤΑΙΝΑ","37.4844743","22.0414258"
"22024","ΣΤΕΜΝΙΤΣΑ","37.5548799","22.0814056"
"22025","ΙΣΑΡΗΣ","37.36345130000001","22.0139248"
"22026","ΜΑΓΟΥΛΙΑΝΑ","37.677201200000006","22.1283049"
"22027","ΚΑΤΩ ΑΣΕΑ","37.4022514","22.2822055"
"22028","ΠΑΛΟΥΜΠΑ","37.620707","21.947292"
"22029","ΤΥΡΟΣ","37.2405869","22.8417068"
"22100","ΤΡΙΠΟΛΗ","37.5101357","22.372644"
"22200","ΜΕΓΑΛΟΠΟΛΗ","37.401244","22.1364871"
"22300","ΛΕΩΝΙΔΙ","37.16727669999999","22.8592838"
"23051","ΣΚΑΛΑ","36.85114229999999","22.666330600000002"
"23052","ΜΟΛΑΟΙ","36.8042572","22.855767999999998"
"23053","ΝΕΑΠΟΛΗ ΛΑΚΩΝΙΑΣ","36.5135653","23.0554882"
"23054","ΞΗΡΟΚΑΜΠΙ","36.9593051","22.4522074"
"23055","ΒΛΑΧΙΩΤΗΣ","36.8619284","22.707321399999998"
"23056","ΠΑΠΑΔΙΑΝΙΚΑ","36.7155683","22.859317899999997"
"23057","ΚΡΟΚΕΕΣ","36.883077","22.548979199999998"
"23058","ΓΕΡΑΚΙ","36.9922548","22.705913199999998"
"23059","ΚΑΣΤΟΡΕΙΟ","37.1703356","22.304741"
"23060","ΝΙΑΤΑ","36.8993124","22.844020699999998"
"23061","ΑΓΙΟΣ ΝΙΚΟΛΑΟΣ ΛΑΚΩΝ","36.8305719","22.44076260000001"
"23062","ΑΡΕΟΠΟΛΗ","36.6660079","22.3805151"
"23063","ΠΥΡΓΟΣ ΔΙΡΟΥ","38.0162722","23.698602899999997"
"23064","ΣΕΛΑΣΙΑ","37.1670232","22.41716060000001"
"23065","ΓΕΩΡΓΙΤΣΙ","37.190757","22.274746899999997"
"23066","ΚΟΤΡΩΝΑΣ","36.6196563","22.492133199999998"
"23067","ΚΑΡΥΕΣ ΛΑΚΩΝΙΑΣ","37.290999","22.5007978"
"23068","ΡΕΙΧΕΑ","36.8460256","23.006022"
"23069","ΒΡΕΣΘΕΝΑ","37.2267881","22.49771530000001"
"23070","ΜΟΝΕΜΒΑΣΙΑ","36.6876016","23.056032000000002"
"23071","ΓΕΡΟΛΙΜΕΝΑ","36.4770355","22.4051649"
"23100","ΣΠΑΡΤΗ","37.074461","22.430264"
"23200","ΓΥΘΕΙΟ","36.7602193","22.56553730000001"
"24001","ΠΥΛΟΣ","36.913075600000006","21.696347199999998"
"24002","ΜΕΛΙΓΑΛΑΣ","37.2245152","21.9699152"
"24003","ΚΟΠΑΝΑΚΙ","37.2887111","21.81817460000001"
"24004","ΚΟΡΩΝΗ","36.7960065","21.9583765"
"24005","ΠΕΤΑΛΙΔΙ","36.9586494","21.9270073"
"24006","ΜΕΘΩΝΗ","36.81990220000001","21.706301800000002"
"24007","ΑΡΦΑΡΑ","37.1560675","22.04449330000001"
"24008","ΔΙΑΒΟΛΙΤΣΙ","37.2994668","21.9690218"
"24009","ΘΟΥΡΙΑ","37.08344930000001","22.0486318"
"24010","ΛΟΓΓΑ","36.8688295","21.9071763"
"24011","ΔΩΡΙΟ","37.2875828","21.856318899999998"
"24012","ΑΡΙΣ","37.09995079999999","22.0058607"
"24013","ΑΝΔΡΟΥΣΑ","37.1101711","21.943203399999998"
"24014","ΧΑΤΖΗΣ","37.01736320000001","21.8276194"
"24015","ΑΡΙΣΤΟΜΕΝΗΣ","37.086497","21.839923000000002"
"24016","ΚΑΜΠΟΣ","36.93796029999999","22.2028277"
"24017","ΑΕΤΟΣ","38.30118909999999","20.6647576"
"24018","ΨΑΡΙ","37.327744700000004","21.8873724"
"24019","ΟΙΧΑΛΙΑ","39.6071378","21.9814142"
"24020","ΑΛΑΓΟΝΙΑ","37.0457712","22.1180772"
"24021","ΣΙΔΗΡΟΚΑΣΤΡΟ ΜΕΣΣΗΝΙ","37.3387498","21.7719235"
"24022","ΚΑΡΔΑΜΥΛΗ","36.8870432","22.2329977"
"24023","ΠΛΑΤΣΑ","36.80505479999999","22.31847059999999"
"24024","ΑΓΙΟΣ ΝΙΚΟΛΑΟΣ ΜΕΣΣΗ","36.8242219","22.2811064"
"24100","ΚΑΛΑΜΑΤΑ","37.0422371","22.1141264"
"24101","ΚΑΛΑΜΑΤΑ","39.5548324","21.763601100000002"
"24200","ΜΕΣΣΗΝΗ","37.0507794","22.0083727"
"24300","ΦΙΛΙΑΤΡΑ","37.1573835","21.585568600000002"
"24400","ΓΑΡΓΑΛΙΑΝΟΙ","37.0654883","21.637927800000003"
"24500","ΚΥΠΑΡΙΣΣΙΑ","37.25123120000001","21.669444100000003"
"24600","ΧΩΡΑ","37.0510081","21.7155204"
"25001","ΚΑΛΑΒΡΥΤΑ","38.033281","22.1103462"
"25002","ΒΡΑΧΝΑΙΙΚΑ","38.1625093","21.668226899999997"
"25003","ΔΙΑΚΟΠΤΟ","38.1916601","22.1981606"
"25004","ΔΑΦΝΗ ΑΧΑΙΑΣ","37.8069108","22.0236488"
"25005","ΣΑΓΑΙΙΚΑ","38.1082352","21.4699365"
"25006","ΑΚΡΑΤΑ","38.1535213","22.3143775"
"25007","ΚΛΕΙΤΟΡΙΑ","37.8946941","22.1246492"
"25008","ΧΑΛΑΝΔΡΙΤΣΑ","38.1087967","21.783841100000004"
"25009","ΛΑΜΠΙΡΙ","38.3109975","21.9901467"
"25010","ΑΙΓΕΙΡΑ","38.1481953","22.3558193"
"25011","ΚΕΡΤΕΖΗ","37.979631","21.9938146"
"25012","ΛΙΒΑΡΤΖΙ","37.9251753","21.909842"
"25013","ΜΑΝΕΣΙ","39.5646008","21.7453452"
"25014","ΠΛΑΤΑΝΟΣ","38.5999412","21.7910513"
"25015","ΕΡΥΜΑΝΘΕΙΑ","37.9818717","21.72549200000001"
"25016","ΑΡΟΑΝΙΑ","37.8847154","22.0124174"
"25017","ΚΕΡΠΙΝΗ","38.0811314","22.1075025"
"25018","ΒΙΟΜΗΧΑΝΙΚΗ ΠΕΡΙΟΧΗ ΠΑΤΡΩΝ","38.123293","21.6366017"
"25100","ΑΙΓΙΟ","38.2505451","22.0810942"
"25200","ΚΑΤΩ ΑΧΑΙΑ","38.143032","21.5520979"
"26221","ΠΑΤΡΑ","38.2478916","21.7361885"
"26222","ΠΑΤΡΑ","38.2397453","21.7307875"
"26223","ΠΑΤΡΑ","38.25463900000001","21.7414437"
"26224","ΠΑΤΡΑ","38.2371702","21.736400500000002"
"26225","ΠΑΤΡΑ","38.2426843","21.7370344"
"26226","ΠΑΤΡΑ","38.235549","21.7442426"
"26331","ΠΑΤΡΑ","38.2407373","21.7461882"
"26332","ΠΑΤΡΑ","38.2207737","21.7366312"
"26333","ΠΑΤΡΑ","38.2175263","21.7256609"
"26334","ΠΑΤΡΑ","38.223562","21.7456454"
"26335","ΠΑΤΡΑ","38.22376260000001","21.7549156"
"26441","ΠΑΤΡΑ","38.2613948","21.7439534"
"26442","ΠΑΤΡΑ","38.2794669","21.752127800000004"
"26443","ΠΑΤΡΑ","38.2763143","21.7636574"
"26444","ΠΑΤΡΑ","38.299428000000006","21.785807100000003"
"26500","ΠΑΤΡΑ","38.1640464","21.8343074"
"26504","ΠΑΤΡΑ","38.2466395","21.734574"
"27050","ΒΑΡΘΟΛΟΜΙΟ","37.8611008","21.208014000000002"
"27051","ΑΝΔΡΑΒΙΔΑ","37.90591660000001","21.2711341"
"27052","ΣΙΔΗΡΟΔΡΟΜΙΚΟΣ ΣΤΑΘΜΟΣ ΒΑΡΔΑΣ","38.0323193","21.363526500000006"
"27053","ΛΕΧΑΙΝΑ","37.93795240000001","21.263255899999997"
"27054","ΖΑΧΑΡΩ","37.4835293","21.647943899999998"
"27055","ΚΡΕΣΤΕΝΑ","37.5923591","21.6206833"
"27056","ΝΕΑ ΦΙΓΑΛΕΙΑ","37.4419057","21.7743449"
"27057","ΤΡΑΓΑΝΟ","37.8978165","21.313840300000006"
"27058","ΕΠΙΤΑΛΙΟ","37.6273953","21.4939617"
"27059","ΧΑΒΑΡΙ","37.8471205","21.3833543"
"27060","ΠΕΛΟΠΙΟ","37.6753305","21.5926702"
"27061","ΑΝΔΡΙΤΣΑΙΝΑ","37.4841013","21.9056318"
"27062","ΚΑΛΛΙΘΕΑ","37.5515625","21.819750699999997"
"27063","ΛΑΜΠΕΙΑ","37.8583554","21.806953"
"27064","ΚΑΡΑΤΟΥΛΑ","37.75","21.616667"
"27065","ΑΡΧΑΙΑ ΟΛΥΜΠΙΑ","37.64466","21.6254797"
"27066","ΛΑΛΑΣ","37.7104364","21.719488199999997"
"27067","ΚΑΤΑΚΟΛΟ","37.6463089","21.3171307"
"27068","ΚΥΛΛΗΝΗ","37.9346907","21.144997500000002"
"27069","ΕΦΥΡΑ","37.85544520000001","21.5162456"
"27100","ΠΥΡΓΟΣ","37.67184870000001","21.4432257"
"27200","ΑΜΑΛΙΑΔΑ","37.7967917","21.3507581"
"27300","ΓΑΣΤΟΥΝΗ","37.8509191","21.2543651"
"28080","ΣΑΜΗ","38.2514148","20.6471688"
"28081","ΑΓΙΑ ΕΥΦΗΜΙΑ","38.30307360000001","20.5978064"
"28082","ΧΙΟΝΑΤΑ","38.0798971","20.7269517"
"28083","ΚΕΡΑΜΕΙΕΣ","38.1201031","20.558942000000002"
"28084","ΦΙΣΚΑΡΔΟ","38.458166","20.5769802"
"28085","ΒΑΣΙΛΙΚΙΑΔΕΣ","38.41224","20.561741"
"28086","ΠΟΡΟΣ","38.1539645","20.7712844"
"28100","ΑΡΓΟΣΤΟΛΙ","38.173168200000006","20.4899734"
"28200","ΛΗΞΟΥΡΙ","38.2022209","20.436967199999998"
"28300","ΙΘΑΚΗ","38.36919810000001","20.6983292"
"28301","ΣΤΑΥΡΟΣ ΙΘΑΚΗΣ","38.44591610000001","20.6464745"
"29090","ΚΑΤΑΣΤΑΡΙ","37.83013890000001","20.7569344"
"29091","ΒΟΛΙΜΕΣ","37.874587700000006","20.6581921"
"29092","ΜΑΧΑΙΡΑΔΟ","37.7579086","20.810261699999998"
"29100","ΖΑΚΥΝΘΟΣ","37.7881604","20.898827100000002"
"30000","ΚΕΝΤΡΙΚΑ ΘΕΣΣΑΛΟΝΙΚΗ","40.6010538","22.960141600000004"
"30001","ΝΕΟΧΩΡΙ","38.4086356","21.2745366"
"30002","ΒΟΝΙΤΣΑ","38.91903789999999","20.888925699999998"
"30003","ΠΑΝΑΙΤΩΛΙΟ","38.58252900000001","21.446768600000002"
"30004","ΚΑΤΟΥΝΑ","38.7853285","21.1166701"
"30005","ΚΑΙΝΟΥΡΓΙΟ","38.6038463","21.482326699999998"
"30006","ΑΣΤΑΚΟΣ","38.5357192","21.0820678"
"30007","ΚΑΤΟΧΗ","38.4121672","21.2538707"
"30008","ΘΕΡΜΟ","38.570854","21.6669866"
"30009","ΦΥΤΕΙΕΣ","38.7201739","21.2129616"
"30010","ΠΑΡΑΒΟΛΑ","38.6136956","21.5203016"
"30011","ΜΑΤΑΡΑΓΚΑ","38.5249807","21.4741383"
"30012","ΠΑΛΑΙΡΟΣ","38.7834023","20.8827176"
"30013","ΜΟΝΑΣΤΗΡΑΚΙ","37.9764602","23.7237"
"30014","ΕΥΗΝΟΧΩΡΙ","38.359594","21.536494100000002"
"30015","ΓΑΒΑΛΟΥ","38.5283216","21.5321353"
"30016","ΜΕΝΙΔΙ ΑΙΤΩΛ/ΝΙΑΣ","39.0423663","21.1184616"
"30017","ΕΜΠΕΣΟΣ","39.023404600000006","21.3212072"
"30018","ΑΜΟΡΓΙΑΝΟΙ","38.8663945","21.3486"
"30019","ΜΥΤΙΚΑΣ","38.6676093","20.944772"
"30020","ΑΝΤΙΡΡΙΟ","38.3303237","21.7642046"
"30021","ΑΓΙΟΣ ΒΛΑΣΙΟΣ","38.810466","21.5119384"
"30022","ΠΛΑΤΑΝΟΣ","38.5999412","21.7910513"
"30023","ΑΝΩ ΧΩΡΑ","38.5908346","21.9241885"
"30024","ΤΕΡΨΙΘΕΑ","39.618598","22.4282175"
"30025","ΚΛΕΠΑ","38.6806737","21.898587399999997"
"30026","ΣΙΜΟΣ","38.53528789999999","21.8182796"
"30027","ΑΓΙΟΣ ΚΩΝΣΤΑΝΤΙΝΟΣ","38.63461450000001","21.397204000000002"
"30100","ΑΓΡΙΝΙΟ","38.624471899999996","21.4095934"
"30200","ΜΕΣΟΛΟΓΓΙ","38.3686739","21.430415"
"30214","ΕΥΗΝΟΧΩΡΙ","38.359594","21.536494100000002"
"30300","ΝΑΥΠΑΚΤΟΣ","38.3929775","21.8348729"
"30400","ΑΙΤΩΛΙΚΟ","38.4364709","21.3539518"
"30500","ΑΜΦΙΛΟΧΙΑ","38.8632567","21.1666182"
"31080","ΚΑΡΥΑ","38.758225","20.649089399999998"
"31081","ΚΑΛΑΜΟΣ","38.6215137","20.9309628"
"31082","ΒΑΣΙΛΙΚΗ","38.6287203","20.6090484"
"31083","ΒΑΘΥ","38.6627109","20.785370899999997"
"31084","ΝΥΔΡΙ","38.7099952","20.7141164"
"31100","ΛΕΥΚΑΔΑ","38.8333663","20.7069108"
"32001","ΑΛΙΑΡΤΟΣ","38.3741418","23.1060007"
"32002","ΒΑΓΙΑ","38.31871870000001","23.180372100000003"
"32003","ΠΑΡΑΛΙΑ ΔΙΣΤΟΜΟΥ","40.2689881","22.5200417"
"32004","ΑΡΑΧΩΒΑ","38.48000029999999","22.5843667"
"32005","ΔΙΣΤΟΜΟ","38.42981380000001","22.6668104"
"32006","ΚΥΡΙΑΚΙ","38.3541519","22.7869993"
"32007","ΑΓΙΟΣ ΓΕΩΡΓΙΟΣ ΒΟΙΩΤ","38.3945","22.93045"
"32008","ΔΑΥΛΕΙΑ","38.5149847","22.733232"
"32009","ΣΧΗΜΑΤΑΡΙ","38.3458229","23.5822611"
"32010","ΔΟΜΒΡΑΙΝΑ","38.2528595","22.9822252"
"32011","ΟΙΝΟΦΥΤΑ","38.3080648","23.639117199999998"
"32012","ΑΝΤΙΚΥΡΑ","38.3784648","22.6305728"
"32100","ΛΙΒΑΔΕΙΑ","38.4554672","22.8825938"
"32200","ΘΗΒΑ","38.322579","23.320430899999998"
"32300","ΟΡΧΟΜΕΝΟΣ","38.4933701","22.979854"
"33050","ΔΕΣΦΙΝΑ","38.4189106","22.52782950000001"
"33051","ΠΟΛΥΔΡΟΣΟΣ","38.64038439999999","22.5317205"
"33052","ΓΑΛΑΞΙΔΙ","38.3772936","22.383249499999998"
"33053","ΛΙΔΟΡΙΚΙ","38.52742569999999","22.2033742"
"33054","ΔΕΛΦΟΙ","38.48005670000001","22.4940617"
"33055","ΧΡΥΣΟ ΦΩΚΙΔΑΣ","38.4753859","22.468944600000004"
"33056","ΕΥΠΑΛΙΟ","38.41809620000001","21.9270983"
"33057","ΓΡΑΒΙΑ","38.67135310000001","22.431148899999997"
"33058","ΕΡΑΤΕΙΝΗ","38.3606662","22.2286565"
"33059","ΑΡΤΟΤΙΝΑ","38.6994265","22.0362581"
"33060","ΠΟΤΙΔΑΝΙΑ","38.488779799999996","22.0556479"
"33061","ΚΡΟΚΥΛΕΙΟ","38.54902050000001","22.0600097"
"33062","ΠΕΝΤΑΓΙΟΙ","38.5917653","22.0541514"
"33063","ΜΑΥΡΟΛΙΘΑΡΙ","38.72926320000001","22.2315507"
"33100","ΑΜΦΙΣΣΑ","38.5276679","22.3781527"
"33200","ΙΤΕΑ ΦΩΚΙΔΑΣ","38.43249270000001","22.4259628"
"34001","ΚΑΡΥΣΤΟΣ","38.013999","24.4198995"
"34002","ΒΑΣΙΛΙΚΟ","39.18200059999999","23.9563075"
"34003","ΚΥΜΗ","38.636131","24.1027745"
"34004","ΜΑΝΤΟΥΔΙ","38.7991058","23.479642300000002"
"34005","ΛΙΜΝΗ","38.7656554","23.318012399999997"
"34006","ΑΜΑΡΥΝΘΟΣ","38.3933284","23.8865331"
"34007","ΣΚΥΡΟΣ","38.9067554","24.5657835"
"34008","ΕΡΕΤΡΙΑ","38.39272020000001","23.7930669"
"34009","ΑΥΛΩΝΑΡΙ","38.5030873","24.1217553"
"34010","ΑΓΙΑ ΑΝΝΑ","38.8596081","23.3998533"
"34011","ΟΞΥΛΙΘΟΣ","38.5794778","24.112080499999998"
"34012","ΩΡΕΟΙ","38.9507249","23.0927655"
"34013","ΜΑΡΜΑΡΙ","38.0491517","24.3217397"
"34014","ΣΤΕΝΗ ΔΙΡΦΥΟΣ","38.581347","23.8379926"
"34015","ΣΤΥΡΑ","38.1558335","24.241825199999997"
"34016","ΚΟΝΙΣΤΡΕΣ","38.5727235","24.061109"
"34017","ΚΡΙΕΖΑ","38.398894","24.134969899999998"
"34018","ΚΑΘΕΝΟΙ","38.5413688","23.780644100000004"
"34019","ΚΑΛΗΜΕΡΙΑΝΟΙ","38.6173958","24.0904591"
"34100","ΧΑΛΚΙΔΑ ΒΑΘΥ ΑΥΛΙΔ","38.4056496","23.6019042"
"34200","ΙΣΤΙΑΙΑ","38.9528547","23.1527142"
"34300","ΛΟΥΤΡΑ ΑΙΔΗΨΟΥ","38.8591927","23.045529000000002"
"34400","ΨΑΧΝΑ","38.5774849","23.64173730000001"
"34500","ΑΛΙΒΕΡΙ","38.4092722","24.0400763"
"34600","ΝΕΑ ΑΡΤΑΚΗ","38.5176199","23.6354576"
"35001","ΜΑΛΕΣΙΝΑ","38.62267360000001","23.2352639"
"35002","ΑΜΦΙΚΛΕΙΑ","38.63905829999999","22.5927946"
"35003","ΣΠΕΡΧΕΙΑΔΑ","38.9075721","22.1273254"
"35004","ΕΛΑΤΕΙΑ","38.6276904","22.7650721"
"35005","ΜΑΡΤΙΝΟ","38.56876870000001","23.213817199999998"
"35006","ΑΓΙΟΣ ΚΩΝΣΤΑΝΤΙΝΟΣ","38.7574323","22.856209"
"35007","ΛΙΒΑΝΑΤΕΣ","38.7114946","23.0506735"
"35008","ΚΑΜ. ΒΟΥΡΛΑ","38.776025","22.7813611"
"35009","ΜΩΛΟΣ","38.808984","22.6461855"
"35010","ΔΟΜΟΚΟΣ","39.1288319","22.2984478"
"35011","ΜΑΚΡΑΚΩΜΗ","38.9415711","22.1153635"
"35012","ΛΑΡΥΜΝΑ","38.56581970000001","23.284910999999997"
"35013","ΠΕΛΑΣΓΙΑ","38.9485485","22.8400018"
"35014","ΑΝΘΗΛΗ","38.850088299999996","22.4782525"
"35015","ΚΑΤΩ ΤΙΘΟΡΕΑ","38.60797410000001","22.7133309"
"35016","ΥΠΑΤΗ","38.871624","22.241365300000002"
"35017","ΑΓΙΟΣ ΓΕΩΡΓΙΟΣ ΦΘΙΩΤ","38.9469281","21.957791699999998"
"35018","ΓΑΡΔΙΚΙ","39.53973120000001","21.2566674"
"35100","ΛΑΜΙΑ","38.8959734","22.4349003"
"35200","ΑΤΑΛΑΝΤΗ","38.65286629999999","22.998361"
"35300","ΣΤΥΛΙΔΑ","38.9124852","22.616175899999998"
"36070","ΡΑΠΤΟΠΟΥΛΟ","39.1489656","21.4801818"
"36071","ΚΕΑΣΟΧΩΡΙ","39.0054084","21.6386381"
"36072","ΓΡΑΝΙΤΣΑ","39.101254","21.51123410000001"
"36073","ΑΓΡΑΦΑ","39.13747070000001","21.64942000000001"
"36074","ΠΡΟΥΣΟΣ","38.7445499","21.6533763"
"36075","ΜΕΓΑΛΟ ΧΩΡΙΟ","38.82687920000001","21.742310600000003"
"36076","ΚΡΙΚΕΛΛΟ","38.79617349999999","21.8528796"
"36080","ΦΟΥΡΝΑ","39.0603613","21.8763763"
"36081","ΑΓΙΑ ΤΡΙΑΔΑ ΕΥΡΥΤ.","38.9879614","21.8203126"
"36100","ΚΑΡΠΕΝΗΣΙ","38.9149201","21.7935895"
"37001","ΖΑΓΟΡΑ","39.4416384","23.1028193"
"37002","ΣΚΙΑΘΟΣ","39.16266270000001","23.4909759"
"37003","ΣΚΟΠΕΛΟΣ","39.12231060000001","23.7281233"
"37004","ΓΛΩΣΣΑ","36.9664167","21.6595581"
"37005","ΑΛΟΝΝΗΣΟΣ","39.14967070000001","23.8438543"
"37006","ΑΡΓΑΛΑΣΤΗ","39.2259226","23.2195437"
"37007","ΠΤΕΛΕΟΣ","39.0515326","22.9527158"
"37008","ΣΟΥΡΠΗ","39.1035523","22.8977818"
"37009","ΤΡΙΚΕΡΙ","39.1002506","23.0771373"
"37010","ΜΗΛΙΕΣ","39.32807920000001","23.150621700000002"
"37011","ΠΟΡΤΑΡΙΑ","39.3897164","22.9982253"
"37012","ΤΣΑΓΚΑΡΑΔΑ","39.3876414","23.174311"
"37013","ΜΗΛΙΝΑ","39.1711081","23.2211062"
"37100","ΑΛΜΥΡΟΣ","39.1823187","22.7588102"
"37200","ΑΓΙΟΣ ΓΕΩΡΓΙΟΣ ΙΩΛΚΟ","38.0592225","23.7153645"
"37300","ΑΓΡΙΑ","39.3408388","23.0126047"
"37400","ΝΕΑ ΑΓΧΙΑΛΟΣ","39.2759274","22.818555"
"37500","ΒΕΛΕΣΤΙΝΟ","39.3809141","22.7451966"
"38001","ΒΟΛΟΣ","39.3621896","22.942159"
"38002","ΝΕΑ ΙΩΝΙΑ","35.3279622","25.134133600000002"
"38003","ΒΟΛΟΣ","39.3621896","22.942159"
"38221","ΒΟΛΟΣ","39.3635451","22.950928899999997"
"38222","ΒΟΛΟΣ","39.3532761","22.961745699999998"
"38300","ΒΟΛΟΣ","39.3621896","22.942159"
"38322","ΒΟΛΟΣ","39.3621896","22.942159"
"38331","ΒΟΛΟΣ","39.3621896","22.942159"
"38333","ΒΟΛΟΣ","39.367557","22.9463704"
"38334","ΒΟΛΟΣ","39.3621896","22.942159"
"38445","ΝΕΑ ΙΩΝΙΑ ΒΟΛΟΣ","39.3775891","22.9148168"
"38446","ΒΟΛΟΣ","39.3729194","22.936691399999997"
"38500","ΒΟΛΟΣ","39.3621896","22.942159"
"40001","ΚΡΑΝΕΑ","39.94363060000001","21.967144100000002"
"40002","ΛΙΒΑΔΙ","40.1269757","22.1577741"
"40003","ΑΓΙΑ","39.7190695","22.7586904"
"40004","ΓΟΝΝΟΙ","39.8610781","22.476180399999997"
"40005","ΒΕΡΔΙΚΟΥΣΙΑ","39.7813727","21.97679410000001"
"40006","ΣΥΚΟΥΡΙ","39.757536","22.5797557"
"40007","ΠΥΡΓΕΤΟΣ","39.91791129999999","22.595535"
"40008","ΡΑΨΑΝΗ","39.90192860000001","22.547802800000003"
"40009","ΠΛΑΤΥΚΑΜΠΟΣ","39.621161","22.5355949"
"40010","ΤΣΑΡΙΤΣΑΝΗ","39.881138","22.2266198"
"40011","ΦΑΛΑΝΗ","39.6476784","22.4160111"
"40100","ΤΥΡΝΑΒΟΣ","39.73911029999999","22.2880325"
"40200","ΕΛΑΣΣΟΝΑ","39.8949802","22.1890872"
"40300","ΦΑΡΣΑΛΑ","39.295635","22.384495"
"40400","ΑΜΠΕΛΩΝΑΣ","39.7451063","22.3615771"
"41001","ΛΑΡΙΣΑ","39.63902239999999","22.4191254"
"41221","ΛΑΡΙΣΑ","39.6396597","22.419068399999997"
"41222","ΛΑΡΙΣΑ","39.63849620000001","22.4175464"
"41223","ΛΑΡΙΣΑ","39.632574","22.4256076"
"41334","ΛΑΡΙΣΑ","39.6269945","22.3964308"
"41335","ΛΑΡΙΣΑ","39.63902239999999","22.4191254"
"41336","ΛΑΡΙΣΑ","39.6430541","22.4470275"
"41447","ΛΑΡΙΣΑ","39.643729","22.4171512"
"41500","ΛΑΡΙΣΑ","39.5524047","22.4303582"
"42030","ΜΕΓΑΛΑ ΚΑΛΥΒΙΑ","39.50158770000001","21.7884812"
"42031","ΦΑΡΚΑΔΩΝΑ","39.59313220000001","22.066886399999998"
"42032","ΠΥΛΗ","39.45977999999999","21.6225718"
"42033","ΜΥΡΟΦΥΛΛΟ","39.3673591","21.325324600000002"
"42034","ΑΓΙΟΦΥΛΛΟ","39.86379390000001","21.561052399999998"
"42035","ΚΟΝΙΣΚΟΣ","39.7796796","21.800102499999998"
"42036","ΚΑΣΤΑΝΕΑ","40.1880963","20.8399025"
"42037","ΜΕΣΟΧΩΡΑ","39.47415820000001","21.324797600000004"
"42100","ΤΡΙΚΑΛΑ","39.5557317","21.7678951"
"42200","ΚΑΛΑΜΠΑΚΑ","39.706618","21.6288728"
"42300","ΝΕΟΧΩΡΙ","39.6071378","21.9814142"
"43060","ΜΟΥΖΑΚΙ","39.43057329999999","21.6627892"
"43061","ΑΓΝΑΝΤΕΡΟ","39.4848287","21.8470758"
"43062","ΙΤΕΑ ΚΑΡΔΙΤΣΑΣ","39.4583727","22.165549300000002"
"43063","ΛΕΟΝΤΑΡΙ ΚΑΡΔΙΤΣΑΣ","39.1809963","22.13134800000001"
"43064","ΦΑΝΑΡΙ","35.3631486","24.4711894"
"43065","ΑΝΘΗΡΟ","39.3473795","21.459061300000002"
"43066","ΒΡΑΓΚΙΑΝΑ","39.2408009","21.4322687"
"43067","ΜΕΣΕΝΙΚΟΛΑΣ","39.3429768","21.759572199999997"
"43068","ΡΕΝΤΙΝΑ","39.0639341","21.978966500000002"
"43069","ΠΕΤΡΙΛΟ","39.2715448","21.5969748"
"43070","ΠΡΟΑΣΤΙΟ","39.4876619","21.903406"
"43100","ΚΑΡΔΙΤΣΑ","39.3640258","21.9214049"
"43200","ΠΑΛΑΜΑΣ","39.46903289999999","22.082317"
"43300","ΣΟΦΑΔΕΣ","39.33593370000001","22.0916414"
"44001","ΠΡΑΜΑΝΤΑ","39.52283980000001","21.104446600000006"
"44002","ΔΕΛΒΙΝΑΚΙ","39.9339652","20.4654499"
"44003","ΖΙΤΣΑ","39.7546039","20.649482199999998"
"44004","ΔΟΛΙΑΝΑ","39.9028375","20.5784377"
"44005","ΠΩΓΩΝΙΑΝΗ","40.0037401","20.422766"
"44006","ΚΕΦΑΛΟΒΡΥΣΟ","40.01395249999999","20.5590173"
"44007","ΑΣΠΡΑΓΓΕΛΟΙ","39.8236368","20.7283764"
"44008","ΑΓΙΑ ΠΑΡΑΣΚΕΥΗ ΙΩΑ ΝΕΑ","38.0348416","23.7639424"
"44009","ΔΕΡΒΙΖΙΑΝΑ","39.4008467","20.7821262"
"44010","ΤΣΕΠΕΛΟΒΟ","39.9046298","20.8184324"
"44012","ΒΗΣΣΑΝΗ","39.9460866","20.5332893"
"44013","ΚΑΛΕΝΤΖΙ","39.4903768","20.977346700000002"
"44014","ΓΡΕΒΕΝΙΤΙΟ","39.8069352","21.0045436"
"44015","ΠΥΡΣΟΓΙΑΝΝΗ","40.2123324","20.810584600000002"
"44016","ΑΡΙΣΤΗ","39.9339539","20.6720747"
"44017","ΒΡΟΣΙΝΑ","39.6460343","20.516740300000002"
"44018","ΚΗΠΟΙ","39.8642073","20.792365"
"44019","ΠΑΛΑΙΟΣΕΛΙ","40.27093910000001","22.505616600000003"
"44020","ΜΟΛΙΣΤΑ","40.1257207","20.8143647"
"44100","ΚΟΝΙΤΣΑ","40.0480719","20.7528378"
"44200","ΜΕΤΣΟΒΟ","39.7702467","21.182861199999998"
"45110","ΠΑΝΕΠΙΣΤΗΜΙΟ ΙΩΑΝΝΙΝ","39.6255013","20.8387845"
"45221","ΙΩΑΝΝΙΝΑ","39.66502880000001","20.8537466"
"45332","ΙΩΑΝΝΙΝΑ","39.6650134","20.851809799999998"
"45333","ΙΩΑΝΝΙΝΑ","39.670496","20.843383199999998"
"45444","ΙΩΑΝΝΙΝΑ","39.6684968","20.853012300000003"
"45445","ΙΩΑΝΝΙΝΑ","39.66502880000001","20.8537466"
"45500","ΙΩΑΝΝΙΝΑ","39.66502880000001","20.8537466"
"46030","ΜΑΡΓΑΡΙΤΙ","39.3569163","20.439392"
"46031","ΓΛΥΚΗ","39.3270613","20.606605399999996"
"46032","ΑΓΙΟΙ ΠΑΝΤΕΣ","38.2845474","23.922445899999996"
"46033","ΚΕΡΑΜΙΤΣΑ","39.66933090000001","20.4309751"
"46100","ΗΓΟΥΜΕΝΙΤΣΑ","39.5061499","20.265533899999998"
"46200","ΠΑΡΑΜΥΘΙΑ","39.4632468","20.5139853"
"46300","ΦΙΛΙΑΤΕΣ","39.6003316","20.3077691"
"47040","ΚΟΜΠΟΤΙ","39.1020713","21.083716100000004"
"47041","ΝΕΟΧΩΡΙ ΑΡΤΑΣ","39.070637100000006","21.0184095"
"47042","ΦΙΛΟΘΕΗ","39.1527258","20.9222988"
"47043","ΑΓΝΑΝΤΑ","39.473990500000006","21.0809486"
"47044","ΑΝΩ ΚΑΛΕΝΤΙΝΗ","39.2476884","21.161423100000004"
"47045","ΒΟΥΡΓΑΡΕΛΙ","39.3710628","21.1837258"
"47046","ΡΟΔΑΥΓΗ","39.325412","20.9984854"
"47047","ΜΗΛΙΑΝΑ","39.2694952","21.3394306"
"47048","ΔΗΜΑΡΙ","39.1518738","21.1545079"
"47100","ΑΡΤΑ","39.1582421","20.987683899999997"
"47200","ΠΕΤΑ","39.1666357","21.0355232"
"48060","ΠΑΡΓΑ","39.2853344","20.4005005"
"48061","ΛΟΥΡΟΣ","39.162045","20.750956600000002"
"48062","ΚΑΝΑΛΛΑΚΙ","39.2339584","20.600210699999998"
"48100","ΠΡΕΒΕΖΑ","38.9592649","20.7517155"
"48200","ΦΙΛΙΠΠΙΑΔΑ","39.2076669","20.8809509"
"48300","ΘΕΣΠΡΩΤΙΚΟ","39.25285909999999","20.7842904"
"49080","ΛΕΥΚΙΜΜΗ","39.42308999999999","20.0718612"
"49081","ΚΑΡΟΥΣΑΔΕΣ","39.7804082","19.744905499999998"
"49082","ΓΑΙΟΣ","39.197371200000006","20.1851948"
"49083","ΣΚΡΙΠΕΡΟ","39.70026160000001","19.774552800000002"
"49084","ΚΑΣΤΕΛΛΑΝΟΙ","39.5680167","19.865634600000003"
"49100","ΚΕΡΚΥΡΑ","39.6249838","19.922346100000002"
"50001","ΝΕΑΠΟΛΗ","40.31308569999999","21.3868617"
"50002","ΤΣΟΤΙΛΙ","40.262269","21.324686399999997"
"50003","ΕΡΑΤΥΡΑ","40.3418956","21.511875399999997"
"50004","ΑΙΑΝΗΣ","40.29248949999999","21.7848705"
"50005","ΕΜΠΟΡΙΟ","40.4888435","21.558076"
"50006","ΠΥΡΓΟΙ","40.6693131","21.833798"
"50007","ΠΕΝΤΑΛΟΦΟΣ","40.1933891","21.140848499999997"
"50008","ΑΥΓΕΡΙΝΟΣ","40.2399189","21.1636006"
"50009","ΒΛΑΣΤΗ","40.4536126","21.5242323"
"50010","ΚΡΟΚΟΣ","40.2642309","21.8162626"
"50100","ΚΟΖΑΝΗ","40.3005808","21.789813199999998"
"50200","ΠΤΟΛΕΜΑΙΔΑ","40.5129968","21.6784663"
"50300","ΣΙΑΤΙΣΤΑ","40.2593571","21.5498752"
"50400","ΒΕΛΒΕΝΤΟΣ","40.2545476","22.074278200000002"
"50500","ΣΕΡΒΙΑ","40.1858788","22.002802"
"51030","ΑΓΙΟΣ ΓΕΩΡΓΙΟΣ ΓΡΕΒΕ","40.1961379","21.408758300000002"
"51031","ΚΗΠΟΥΡΕΙΟ","39.9524958","21.3626121"
"51032","ΠΟΛΥΝΕΡΙ","40.0491665","21.203506100000002"
"51100","ΓΡΕΒΕΝΑ","40.0837626","21.4273299"
"51200","ΔΕΣΚΑΤΗ","39.9257032","21.8101429"
"52050","ΜΕΣΟΠΟΤΑΜΙΑ","40.5042923","21.159287300000006"
"52051","ΝΕΣΤΟΡΙΟ","40.417311","21.056526899999998"
"52052","ΚΟΡΗΣΟΣ","40.50409920000001","21.376499"
"52053","ΒΟΓΑΤΣΙΚΟ","40.4139505","21.379936899999997"
"52054","ΚΛΕΙΣΟΥΡΑ","40.5356805","21.4692186"
"52055","ΜΑΚΡΟΧΩΡΙ","40.67174470000001","21.262044"
"52056","ΜΑΥΡΟΧΩΡΙ","40.51236919999999","21.3212608"
"52057","ΔΙΣΠΗΛΙΟ","40.4815615","21.287382"
"52058","ΑΚΡΙΤΕΣ","40.472505","20.9864294"
"52059","ΒΙΤΣΙ","40.6032699","21.3202736"
"52100","ΚΑΣΤΟΡΙΑ","40.5192691","21.2687171"
"52200","ΑΡΓΟΣ ΟΡΕΣΤΙΚΟ","40.4527427","21.2587379"
"53070","ΦΙΛΩΤΑΣ","40.62406890000001","21.7064841"
"53071","ΜΕΛΙΤΗ","40.83401110000001","21.5845837"
"53072","ΞΙΝΟ ΝΕΡΟ","40.6902433","21.6226189"
"53073","ΛΕΧΟΒΟ","40.5843775","21.4901672"
"53074","ΒΕΥΗ","40.76687879999999","21.6145883"
"53075","ΣΚΛΗΘΡΟ","40.6216974","21.50457"
"53076","ΑΝΤΑΡΤΙΚΟ","40.7584718","21.206629100000004"
"53077","ΑΓΙΟΣ ΓΕΡΜΑΝΟΣ","40.839882","21.1594862"
"53078","ΝΥΜΦΑΙΟ","40.6443596","21.4943237"
"53100","ΦΛΩΡΙΝΑ","40.78452619999999","21.413122199999997"
"53200","ΑΜΥΝΤΑΙΟ","40.6905178","21.6797432"
"53438","ΑΓΙΟΣ ΠΑΥΛΟΣ","40.330494","23.0419853"
"53533","ΠΟΛΙΧΝΗ","40.67139359999999","22.939209899999998"
"54124","ΦΙΛΙΚΗΣ ΕΤΑΙΡΕΙΑΣ","38.0185105","23.9164757"
"54248","ΕΛΕΥΘΕΡΙΟ","39.6771235","22.5803636"
"54249","ΘΕΣΣΑΛΟΝΙΚΗ","40.6023563","22.965985500000002"
"54250","ΘΕΣΣΑΛΟΝΙΚΗ","40.60212569999999","22.9727602"
"54252","ΘΕΣΣΑΛΟΝΙΚΗ","41.0267206","21.325944699999997"
"54351","ΘΕΣΣΑΛΟΝΙΚΗ","40.61703199999999","22.974235500000002"
"54352","ΘΕΣΣΑΛΟΝΙΚΗ","40.6120795","22.9831264"
"54453","ΘΕΣΣΑΛΟΝΙΚΗ","40.6136319","22.9679772"
"54454","ΘΕΣΣΑΛΟΝΙΚΗ","40.6098708","22.9747288"
"54500","ΠΕΝΤΑΛΟΦΟΣ ΠΕΤΡΩΤΟ ΘΕΣΣΑΛΟΝΙΚΗΣ","40.814428","22.8683235"
"54621","ΘΕΣΣΑΛΟΝΙΚΗ","40.628504","22.9507099"
"54622","ΘΕΣΣΑΛΟΝΙΚΗ","40.63180120000001","22.9471962"
"54623","ΘΕΣΣΑΛΟΝΙΚΗ","40.63399709999999","22.943770100000002"
"54624","ΘΕΣΣΑΛΟΝΙΚΗ","40.6353503","22.9405516"
"54625","ΘΕΣΣΑΛΟΝΙΚΗ","40.6358912","22.9372038"
"54626","ΘΕΣΣΑΛΟΝΙΚΗ","40.6372735","22.935300899999998"
"54627","ΘΕΣΣΑΛΟΝΙΚΗ","40.6442313","22.9190152"
"54628","ΘΕΣΣΑΛΟΝΙΚΗ","40.6545294","22.9067883"
"54629","ΘΕΣΣΑΛΟΝΙΚΗ","40.6433635","22.9339563"
"54630","ΘΕΣΣΑΛΟΝΙΚΗ","40.6411033","22.938844399999997"
"54631","ΘΕΣΣΑΛΟΝΙΚΗ","40.6376266","22.9453289"
"54632","ΘΕΣΣΑΛΟΝΙΚΗ","40.6430365","22.9401863"
"54633","ΘΕΣΣΑΛΟΝΙΚΗ","40.64098120000001","22.9464999"
"54634","ΘΕΣΣΑΛΟΝΙΚΗ","40.6376556","22.954347600000002"
"54635","ΘΕΣΣΑΛΟΝΙΚΗ","40.6349904","22.9519038"
"54636","ΑΓΙΟΣ ΠΑΥΛΟΣ","40.6389975","22.962256399999998"
"54638","ΘΕΣΣΑΛΟΝΙΚΗ","40.6205372","22.9639344"
"54639","ΘΕΣΣΑΛΟΝΙΚΗ","40.6240131","22.945819399999998"
"54640","ΘΕΣΣΑΛΟΝΙΚΗ","40.6186627","22.957043300000002"
"54641","ΘΕΣΣΑΛΟΝΙΚΗ","40.61447820000001","22.9551354"
"54642","ΘΕΣΣΑΛΟΝΙΚΗ","40.6099673","22.9568021"
"54643","ΘΕΣΣΑΛΟΝΙΚΗ","40.60707000000001","22.9526718"
"54644","ΘΕΣΣΑΛΟΝΙΚΗ","40.60743170000001","22.959878399999997"
"54645","ΘΕΣΣΑΛΟΝΙΚΗ","40.60151010000001","22.9525926"
"54646","ΘΕΣΣΑΛΟΝΙΚΗ","40.5978118","22.9543042"
"54655","ΘΕΣΣΑΛΟΝΙΚΗ","40.594229","22.952318899999998"
"55131","ΚΑΛΑΜΑΡΙΑ","40.5849639","22.946094100000003"
"55132","ΚΑΛΑΜΑΡΙΑ","40.5745629","22.9465596"
"55133","ΚΑΛΑΜΑΡΙΑ","40.5830803","22.960078399999997"
"55134","ΚΑΛΑΜΑΡΙΑ","40.5751549","22.9699237"
"55135","ΚΑΛΑΜΑΡΙΑ","40.58466110000001","22.9529208"
"55236","ΠΑΝΟΡΑΜΑ","40.5885408","23.0279289"
"55337","ΤΡΙΑΝΔΡΙΑ","40.6241099","22.9734623"
"55437","ΑΓΙΑ ΠΑΥΛΟΣ","40.330494","23.0419853"
"55438","ΑΓΙΟΣ ΠΑΥΛΟΣ","40.6389975","22.962256399999998"
"55534","ΠΥΛΑΙΑ","40.6027503","22.989648199999998"
"55535","ΠΥΛΑΙΑ","40.6027503","22.989648199999998"
"55536","ΠΥΛΑΙΑ","40.6027503","22.989648199999998"
"56121","ΑΜΠΕΛΟΚΗΠΟΙ","40.6553327","22.921502899999997"
"56122","ΜΕΝΕΜΕΝΗ","40.65748749999999","22.9115173"
"56123","ΑΜΠΕΛΟΚΗΠΟΙ","40.65419970000001","22.9293738"
"56224","ΕΥΟΣΜΟ","40.66703560000001","22.9104918"
"56225","ΕΥΟΣΜΟΣ","40.6661376","22.9037753"
"56226","ΕΥΟΣΜΟΣ","40.6661376","22.9037753"
"56238","ΕΥΟΣΜΟΣ","40.6661376","22.9037753"
"56334","ΕΛΕΥΘΕΡΙΟ","40.66752520000001","22.896977800000002"
"56335","ΠΟΛΙΧΝΗ","40.67139359999999","22.939209899999998"
"56429","ΕΥΚΑΡΠΙΑ","40.6897403","22.95411660000001"
"56430","ΣΤΑΥΡΟΥΠΟΛΗ","40.6664679","22.9347302"
"56431","ΕΥΟΣΜΟ","40.6709768","22.9276937"
"56436","ΣΤΑΥΡΟΥΠΟΛΗ","40.6644938","22.936657999999998"
"56437","ΣΤΑΥΡΟΥΠΟΛΗ","40.6644938","22.936657999999998"
"56438","ΕΥΟΣΜΟΣ","40.6661376","22.9037753"
"56532","ΠΟΛΙΧΝΗ","40.6595291","22.955619"
"56533","ΠΟΛΙΧΝΗ","40.6618023","22.946663100000002"
"56625","ΣΥΚΙΕΣ","40.647828","22.9504965"
"56626","ΣΥΚΙΕΣ","40.6525466","22.953215"
"56727","ΝΕΑΠΟΛΗ","40.6537176","22.9370206"
"56728","ΝΕΑΠΟΛΗ","40.6518675","22.9451596"
"57001","ΘΕΡΜΗ","40.5485201","23.019645999999998"
"57002","ΣΟΧΟΣ","40.81818320000001","23.356641800000002"
"57003","ΑΓΙΟΣ ΑΘΑΝΑΣΙΟΣ","40.7165064","22.7279233"
"57004","ΝΕΑ ΜΗΧΑΝΙΩΝΑ","40.4630928","22.8610874"
"57006","ΒΑΣΙΛΙΚΑ ΘΕΣΣΑΛΟΝΙΚΗΣ","40.479961","23.136778"
"57007","ΧΑΛΚΗΔΩΝΑ","40.7322277","22.5979872"
"57008","ΙΩΝΙΑ ΘΕΣΣΑΛΟΝΙΚΗΣ","40.6102571","22.967327800000003"
"57009","ΚΑΛΟΧΩΡΙ","40.6429179","22.859184"
"57010","ΑΣΒΕΣΤΟΧΩΡΙ","40.6416947","23.02599630000001"
"57011","ΓΕΦΥΡΑ ΘΕΣΣΑΛΟΝΙΚΗΣ","40.7325414","22.6920826"
"57012","ΖΑΓΚΛΙΒΕΡΙ","40.5725114","23.28902080000001"
"57013","ΩΡΑΙΟΚΑΣΤΡΟ","40.72778870000001","22.9205214"
"57014","ΣΤΑΥΡΟΣ ΘΕΣΣΑΛΟΝΙΚΗΣ","40.6641845","23.6960989"
"57015","ΝΕΑ ΑΠΟΛΛΩΝ","40.6257023","23.4404266"
"57016","ΑΣΚΟΣ","40.7522592","23.3865016"
"57017","ΞΥΛΟΠΟΛΗ","40.9292486","23.1765232"
"57018","ΜΕΛΙΣΣΟΧΩΡΙ","40.77017120000001","22.934224"
"57019","ΝΕΟΙ ΕΠΙΒΑΤΕΣ","40.49877","22.9122276"
"57020","ΛΑΓΚΑΔΙΚΙΑ","40.6376256","23.242888600000004"
"57021","ΑΣΠΡΟΒΑΛΤΑ","40.71995039999999","23.7069058"
"57022","ΒΙΟΜΗΧΑΝΙΚΗ ΠΕΡΙΟΧΗ ΘΕΣΣΑΛΟΝΙΚΗΣ","40.6903731","22.7896841"
"57100","ΚΟΥΦΑΛΙΑ","40.78226770000001","22.5735489"
"57200","ΛΑΓΚΑΔΑΣ","40.7512099","23.069591100000004"
"57300","ΧΑΛΑΣΤΡΑ","40.6262751","22.7307827"
"57400","ΣΙΝΔΟΣ","40.6717164","22.8015174"
"57500","ΕΠΑΝΟΜΗ","40.4289764","22.9304174"
"58001","ΚΑΡΥΩΤΙΣΣΑ","40.7698444","22.313841699999998"
"58002","ΑΡΝΙΣΣΑ","40.7965158","21.835566600000003"
"58003","ΦΟΥΣΤΑΝΗ","41.0555483","22.1750428"
"58004","ΕΞΑΠΛΑΤΑΝΟΣ","40.9769622","22.1315248"
"58005","ΠΕΛΛΑ","40.7632436","22.5260527"
"58100","ΓΙΑΝΝΙΤΣΑ","40.7943587","22.4144481"
"58200","ΕΔΕΣΣΑ","40.8016803","22.043979800000002"
"58300","ΚΡΥΑ ΒΡΥΣΗ","40.6872386","22.3041354"
"58400","ΑΡΙΔΑΙΑ","40.9735305","22.0610109"
"58500","ΣΚΥΔΡΑ","40.7673908","22.153941699999997"
"59031","ΜΕΛΙΚΗ","40.5200214","22.3953372"
"59032","ΣΙΔΗΡΟΔΡΟΜΙΚΟΣ ΣΤΑΘΜΟΣ ΠΛΑΤΕΟΣ","40.620728","22.4426038"
"59033","ΜΑΚΡΟΧΩΡΙ ΗΜΑΘΙΑΣ","40.5511823","22.249713"
"59034","ΕΙΡΗΝΟΥΠΟΛΗ","40.67619699999999","22.2264794"
"59035","ΚΟΠΑΝΟΣ","40.6350113","22.1299742"
"59100","ΒΕΡΟΙΑ","40.6810929","22.864984600000003"
"59200","ΝΑΟΥΣΑ","40.6294406","22.0688549"
"59300","ΑΛΕΞΑΝΔΡΕΙΑ","40.627902299999995","22.444571"
"60061","ΚΟΛΙΝΔΡΟΣ","40.479174","22.484581100000003"
"60062","ΚΟΡΙΝΟΣ","40.3164117","22.5846703"
"60063","ΛΕΠΤΟΚΑΡΥΑ","40.0600581","22.5627377"
"60064","ΚΙΤΡΟΣ","40.3723508","22.5779402"
"60065","ΠΛΑΤΑΜΩΝΑΣ","39.9901304","22.6238625"
"60066","ΜΕΘΩΝΗ","40.4472604","22.589703699999998"
"60100","ΚΑΤΕΡΙΝΗ","40.2805592","22.505839899999998"
"60200","ΛΙΤΟΧΩΡΟ","40.1029473","22.5026117"
"60300","ΑΙΓΙΝΙΟ","40.4989376","22.5415237"
"61001","ΣΙΔΗΡΟΔΡΟΜΙΚΟΣ ΣΤΑΘΜΟΣ ΕΥΖΩΝΩΝ","39.917372","22.631176999999997"
"61002","ΧΕΡΣΟ","41.0886243","22.780241500000002"
"61003","ΣΙΔΗΡΟΔΡΟΜΙΚΟΣ ΣΤΑΘΜΟΣ ΜΟΥΡΙΩΝ","41.2614603","22.8399193"
"61005","ΕΙΔΟΜΕΝΗ","41.122492799999996","22.5104771"
"61006","ΒΑΘΗ ΚΙΛΚΙΣ","38.0056273","23.6925459"
"61007","ΕΥΡΩΠΟΣ","40.89701730000001","22.5521319"
"61100","ΚΙΛΚΙΣ & ΝΕΑ ΣΑΝΤΑ","40.99370709999999","22.8753674"
"61200","ΠΟΛΥΚΑΣΤΡΟ","40.9971976","22.5703984"
"61300","ΓΟΥΜΕΝΙΣΣΑ","40.946869","22.451054199999998"
"61400","ΑΞΙΟΥΠΟΛΗ","40.9862518","22.540692899999996"
"62041","ΡΟΔΟΛΙΒΟΣ","40.9201953","23.9742039"
"62042","ΝΕΑ ΖΙΧΝΗ","41.0323516","23.827944100000003"
"62043","ΝΕΟ ΠΕΤΡΙΤΣΙ","41.275748","23.2927645"
"62044","ΝΕΟΣ ΣΚΟΠΟΣ","41.0236769","23.6086664"
"62045","ΑΛΙΣΤΡΑΤΗ","41.0635479","23.958972"
"62046","ΧΡΥΣΟ","41.057857","23.6514405"
"62047","ΠΡΩΤΗ","40.9439243","24.0012717"
"62048","ΠΕΝΤΑΠΟΛΗ","41.0515692","23.6872775"
"62049","ΜΑΥΡΟΘΑΛΑΣΣΑ","40.8946186","23.7510711"
"62050","ΓΑΖΩΡΟΣ","41.02530050000001","23.7761244"
"62051","ΑΓΙΟ ΠΝΕΥΜΑ","40.2653649","21.819327899999998"
"62052","ΔΡΑΒΗΣΚΟΣ","40.923956200000006","23.8705359"
"62053","ΡΟΔΟΠΟΛΗ","41.26128320000001","22.9989148"
"62054","ΣΤΡΥΜΟΝΙΚΟ","41.0429433","23.313981100000003"
"62055","ΚΑΤΩ ΠΟΡΟΙΑ","41.2818182","23.0132131"
"62056","ΑΓΓΙΣΤΑ","40.975478700000004","23.9453991"
"62100","ΣΕΡΡΕΣ","41.0820427","23.4617028"
"62121","ΣΕΡΡΕΣ","41.090923","23.5413198"
"62122","ΣΕΡΡΕΣ","41.090923","23.5413198"
"62123","ΣΕΡΡΕΣ","41.0889468","23.545574600000002"
"62124","ΣΕΡΡΕΣ","41.090923","23.5413198"
"62125","ΣΕΡΡΕΣ","41.090923","23.5413198"
"62200","ΝΙΓΡΙΤΑ","40.9084768","23.500473100000004"
"62300","ΣΙΔΗΡΟΚΑΣΤΡΟ","41.23494710000001","23.3938203"
"62400","ΗΡΑΚΛΕΙΑ","41.18375020000001","23.2810087"
"63071","ΟΡΜΥΛΙΑ","40.29485","23.54276530000001"
"63072","ΣΥΚΕΑ","40.0385165","23.939505399999998"
"63073","ΓΑΛΑΤΙΣΤΑ","40.4680317","23.2794039"
"63074","ΑΡΝΑΙΑ","40.4868316","23.5963957"
"63075","ΙΕΡΙΣΣΟΣ","40.3975466","23.8766837"
"63076","ΜΕΓΑΛΗ ΠΑΝΑΓΙΑ","40.4448171","23.6813175"
"63077","ΚΑΣΣΑΝΔΡΕΙΑ","40.04803920000001","23.413450100000002"
"63078","ΑΓΙΟΣ ΝΙΚΟΛΑΟΣ","40.2488839","23.695265"
"63079","ΝΕΑ ΤΡΙΓΛΙΑ","40.3062929","23.2071052"
"63080","ΝΕΑ ΚΑΛΛΙΚΡΑΤΕΙΑ","40.3131226","23.063222699999997"
"63081","ΝΕΟΣ ΜΑΡΜΑΡΑΣ","40.0926648","23.7865228"
"63082","ΣΤΡΑΤΩΝΙΟ","40.6391791","22.9563453"
"63083","ΣΤΡΑΤΟΝΙΚΗ","37.95242380000001","23.7463431"
"63084","ΒΑΒΔΟΣ","40.4263094","23.3239355"
"63085","ΠΕΥΚΟΧΩΡΙ","39.9880319","23.614014800000003"
"63086","ΚΑΡΥΕΣ ΑΓΙΟΥ ΟΡΟΥΣ","40.2565936","24.2445937"
"63087","ΔΑΦΝΗ ΑΓΙΟΥ ΟΡΟΥΣ","40.2144023","24.221969899999998"
"63088","ΝΙΚΗΤΗ","40.2201203","23.668843300000002"
"63100","ΠΟΛΥΓΥΡΟΣ","40.3816836","23.4426703"
"63200","ΝΕΑ ΜΟΥΔΑΝΙΑ","40.2409723","23.286561399999997"
"64001","ΝΙΚΗΣΙΑΝΗ","40.9492064","24.142372"
"64002","ΛΙΜΕΝΑΡΙΑ","40.6282676","24.576209600000002"
"64003","ΚΡΗΝΙΔΕΣ","41.0166403","24.297074399999996"
"64004","ΘΑΣΟΣ","40.6908469","24.7499112"
"64005","ΘΕΟΛΟΓΟΣ","40.658895","24.6927757"
"64006","ΝΕΑ ΚΑΡΒΑΛΗ","40.9624179","24.508269600000002"
"64007","ΝΕΑ ΠΕΡΑΜΟΣ","40.83855820000001","24.3031958"
"64008","ΜΟΥΣΘΕΝΗ","40.8614648","24.1119457"
"64009","ΚΕΧΡΟΚΑΜΠΟΣ","41.1574349","24.6363878"
"64010","ΚΡΙΝΟΣ","40.7408774","24.5772111"
"64011","ΚΕΡΑΜΩΤΗ","40.8600774","24.7056732"
"64012","ΑΜΥΓΔΑΛΕΩΝΑΣ","40.9612218","24.3617672"
"64100","ΕΛΕΥΘΕΡΟΥΠΟΛΗ","40.9156544","24.2547455"
"64200","ΧΡΥΣΟΥΠΟΛΗ","40.98802269999999","24.696647600000002"
"65201","ΚΑΒΑΛΑ","40.937607","24.412866"
"65302","ΚΑΒΑΛΑ","40.937607","24.412866"
"65403","ΚΑΒΑΛΑ","40.935216","24.3995818"
"65404","ΚΑΒΑΛΑ","40.937607","24.412866"
"65500","ΚΑΒΑΛΑ","41.03808529999999","24.3935655"
"66031","ΚΑΛΑΜΠΑΚΙ","41.0519293","24.1877003"
"66032","ΚΥΡΙΑ","38.500900099999996","22.962600100000003"
"66033","Κ. ΝΕΥΡΟΚΟΠΙ","41.3422528","23.8682585"
"66034","ΦΩΤΟΛΙΒΟΣ","41.0606685","24.0475546"
"66035","ΠΑΡΑΝΕΣΤΙ","41.267032","24.5008777"
"66036","ΜΙΚΡΟΠΟΛΗ","41.191878100000004","23.8205588"
"66037","ΝΙΚΗΦΟΡΟΣ","41.1667332","24.3109632"
"66038","ΣΙΔΗΡΟΝΕΡΟ","41.4040889","24.2576633"
"66100","ΔΡΑΜΑ","41.149001","24.1470796"
"66200","ΠΡΟΣΟΤΣΑΝΗ","41.1791878","23.971453"
"66300","ΔΟΞΑΤΟ","41.0960223","24.231352899999997"
"67061","ΑΒΔΗΡΑ","40.9814734","24.9514602"
"67062","ΣΤΑΥΡΟΥΠΟΛΗ ΞΑΝΘΗΣ","41.1979838","24.705525199999997"
"67063","ΛΑΓΟΣ","41.006589","25.1193757"
"67064","ΓΕΝΙΣΕΑ","41.0610542","24.961382699999998"
"67100","ΞΑΝΘΗ","41.13003610000001","24.8864902"
"67200","ΕΥΛΑΛΟ","40.981773","24.802714"
"67300","ΕΧΙΝΟΣ","41.2753636","24.9723172"
"68001","ΝΕΑ ΒΥΣΣΑ","41.5863678","26.5428404"
"68002","ΣΑΜΟΘΡΑΚΗ","40.4742843","25.5251947"
"68003","ΤΥΧΕΡΟ","41.027698","26.2935333"
"68004","ΛΑΒΑΡΑ","41.2699615","26.38509"
"68005","ΜΙΚΡΟ ΔΕΡΕΙΟ","41.5068046","26.2257285"
"68006","ΚΥΠΡΙΝΟΣ","41.5752196","26.228812599999998"
"68007","ΔΙΚΑΙΑ","41.7045906","26.29644110000001"
"68008","ΚΑΣΤΑΝΙΕΣ ΕΒΡΟΥ","41.64548690000001","26.476442100000003"
"68009","ΣΙΔΗΡΟΔΡΟΜΙΚΟΣ ΣΤΑΘΜΟΣ ΠΥΘΙΟΥ","41.370114","26.6216643"
"68010","ΜΕΤΑΞΑΔΕΣ","41.41985070000001","26.2240908"
"68011","ΑΙΣΥΜΗ","41.0171751","25.955423"
"68012","ΓΕΦΥΡΑ ΚΗΠΩΝ","38.0218296","23.7290263"
"68013","ΠΕΠΛΟΣ","40.95626970000001","26.268025899999998"
"68014","ΡΙΖΙΑ","41.6237952","26.4256476"
"68100","ΑΛΕΞΑΝΔΡΟΥΠΟΛΗ","40.8457193","25.873962"
"68200","ΟΡΕΣΤΙΑΔΑ","41.5014015","26.531080300000006"
"68300","ΔΙΔΥΜΟΤΕΙΧΟ","41.3476492","26.495637199999997"
"68400","ΣΟΥΦΛΙ","41.1943451","26.2992566"
"68500","ΦΕΡΕΣ","40.8942408","26.1722017"
"69100","ΚΟΜΟΤΗΝΗ","41.1224394","25.4065582"
"69200","ΙΑΣΜΟΣ","41.12839659999999","25.185000199999998"
"69300","ΣΑΠΕΣ","41.0243406","25.6957932"
"69400","ΞΥΛΑΓΑΝΗ","40.9765733","25.4219873"
"69500","ΟΡΓΑΝΗ","41.25331329999999","25.6833783"
"70001","ΚΡΟΥΣΩΝΑΣ","35.23046710000001","24.982697299999998"
"70002","ΖΑΡΟΣ","35.130774100000004","24.9042562"
"70003","ΑΓΙΑ ΒΑΡΒΑΡΑ ΗΡΑΚΛΕΙ","35.1379603","25.0018691"
"70004","ΑΝΩ ΒΙΑΝΝΟΣ","35.054210299999994","25.4099813"
"70005","ΜΟΧΟΣ","35.2632695","25.4226697"
"70006","ΚΑΣΤΕΛΛΙ","35.208594","25.3382657"
"70007","ΜΑΛΙΑ","35.2831684","25.4628694"
"70008","ΕΠΙΣΚΟΠΗ ΗΡΑΚΛΕΙΟΥ","35.2570701","25.2375594"
"70009","ΠΟΜΠΙΑ","35.0096429","24.8666147"
"70010","ΠΥΡΓΟΣ ΗΡΑΚΛΕΙΟΥ","35.0086682","25.155807"
"70011","ΔΑΦΝΕΣ","35.2168078","25.050692"
"70012","ΑΓΙΟΙ ΔΕΚΑ","35.0578884","24.95985910000001"
"70013","ΑΓΙΟΣ ΜΥΡΩΝΑΣ","35.232402","25.0281937"
"70014","ΛΙΜΕΝΑΣ ΧΕΡΣΟΝΗΣΟΥ","35.3146261","25.395374899999997"
"70015","ΕΜΠΑΡΟΣ","35.095973","25.3849988"
"70016","ΑΣΗΜΙ","35.0435187","25.0928704"
"70017","ΓΕΡΓΕΡΗ","35.13243039999999","24.9495856"
"70100","ΑΡΧΑΝΕΣ","35.2353169","25.1593119"
"70200","ΤΥΜΠΑΚΙ","35.0729318","24.7686207"
"70300","ΑΡΚΑΛΟΧΩΡΙ","35.1479034","25.2645052"
"70400","ΜΟΙΡΕΣ","35.05153189999999","24.8730367"
"71201","ΗΡΑΚΛΕΙΟ","35.337249","25.1333357"
"71202","ΗΡΑΚΛΕΙΟ","35.3413593","25.1348831"
"71303","ΗΡΑΚΛΕΙΟ","35.3354983","25.115643399999996"
"71304","ΗΡΑΚΛΕΙΟ","35.3336416","25.1210703"
"71305","ΗΡΑΚΛΕΙΟ","35.327262299999994","25.1299487"
"71306","ΗΡΑΚΛΕΙΟ","35.33303980000001","25.1388411"
"71307","ΗΡΑΚΛΕΙΟ","35.338731","25.1482491"
"71309","ΗΡΑΚΛΕΙΟ","36.6438096","24.385342899999998"
"71409","ΗΡΑΚΛΕΙΟ","35.3124092","25.1467825"
"71410","ΗΡΑΚΛΕΙΟ","35.3180714","25.1225827"
"71414","ΓΑΖΙ","35.325736600000006","25.0653991"
"71500","ΗΡΑΚΛΕΙΟ","35.3387352","25.144212600000003"
"71601","ΝΕΑ ΑΛΙΚΑΡΝΑΣΣΟΣ","35.33728770000001","25.1600453"
"72051","ΚΡΙΤΣΑ","35.156733","25.6442168"
"72052","ΤΖΕΡΜΙΑΔΟ","35.19954","25.489134699999997"
"72053","ΕΛΟΥΝΤΑ","35.2613505","25.723416399999998"
"72054","ΒΡΑΧΑΣΙ","35.2737073","25.56314110000001"
"72055","ΣΤΑΥΡΟΧΩΡΙ","35.0775276","25.941636"
"72056","ΜΑΛΕΣ","35.0804049","25.584941"
"72057","ΤΟΥΡΛΩΤΗ","35.160022600000005","25.9379001"
"72058","ΦΟΥΡΝΗ","37.6914237","26.573443199999996"
"72059","ΧΑΝΔΡΑΣ","35.0812107","26.099508"
"72100","ΑΓΙΟΣ ΝΙΚΟΛΑΟΣ","35.1899597","25.716416600000002"
"72200","ΙΕΡΑΠΕΤΡΑ","35.0118955","25.7407452"
"72300","ΣΗΤΕΙΑ","35.20865029999999","26.1052329"
"72400","ΝΕΑΠΟΛΗ ΚΡΗΤΗΣ","35.2563455","25.604853100000003"
"73001","ΠΑΛΑΙΟΧΩΡΑ","35.2294606","23.6819128"
"73002","ΒΟΥΚΟΛΙΕΣ","35.46703460000001","23.7998679"
"73003","ΚΑΛΥΒΕΣ","35.4511208","24.169721799999998"
"73004","ΚΑΝΤΑΝΟΣ","35.3274474","23.741594199999998"
"73005","ΑΛΙΚΙΑΝΟΣ","35.4542693","23.9115673"
"73006","ΚΟΛΥΜΒΑΡΙ","35.5374671","23.7813889"
"73007","ΒΡΥΣΕΣ","35.3750852","24.2012676"
"73008","ΒΑΜΟΣ","35.4077376","24.1969073"
"73009","ΡΟΔΟΒΑΝΙ","35.2891351","23.7823986"
"73010","ΤΟΠΟΛΙΑ","35.43088669999999","23.6774459"
"73011","ΧΩΡΑ ΣΦΑΚΙΩΝ","35.2015175","24.1380312"
"73012","ΒΑΘΗ ΧΑΝΙΩΝ","35.35953389999999","23.595422699999997"
"73013","ΑΣΚΥΦΟΣ","35.2911589","24.1763519"
"73014","ΠΛΑΤΑΝΙΑ","35.50786739999999","23.894165700000002"
"73100","ΧΑΝΙΑ","35.5138298","24.0180367"
"73131","ΧΑΝΙΑ","35.512272","24.00395910000001"
"73132","ΧΑΝΙΑ","35.5169936","24.0241223"
"73133","ΧΑΝΙΑ","35.5167968","24.0416508"
"73134","ΧΑΝΙΑ","35.50793510000001","24.0247558"
"73135","ΧΑΝΙΑ","35.5115215","24.0188242"
"73136","ΧΑΝΙΑ","35.51199090000001","24.014972"
"73200","ΣΟΥΔΑ","35.4874818","24.0742105"
"73300","ΜΟΥΡΝΙΕΣ","35.4829528","24.013019699999997"
"73400","ΚΙΣΣΑΜΟΣ","35.4945873","23.653745899999997"
"74000","ΜΥΡΘΙΟΣ","35.19953810000001","24.40278159999999"
"74051","ΑΝΩΓΕΙΑ","35.2896605","24.8844831"
"74052","ΠΕΡΑΜΑ ΡΕΘΥΜΝΗΣ","35.3688295","24.703342199999998"
"74053","ΣΠΗΛΙ","35.2188059","24.535781699999998"
"74054","ΓΑΡΑΖΟ","35.3439756","24.7884303"
"74055","ΕΠΙΣΚΟΠΗ ΡΕΘΥΜΝΗΣ","35.3292328","24.335966199999998"
"74056","ΑΓΙΑ ΓΑΛΗΝΗ","35.09627220000001","24.6883687"
"74057","ΠΑΝΟΡΜΟΣ ΡΕΘΥΜΝΗΣ","35.4181826","24.69080060000001"
"74058","ΡΟΥΣΤΙΚΑ","35.2876418","24.373487899999997"
"74059","ΑΠΟΔΟΥΛΟΥ","35.1096654","24.7599531"
"74060","ΜΥΡΘΙΟΣ","35.19953810000001","24.4027816"
"74061","ΑΜΑΡΙ","35.2268843","24.650866399999998"
"74062","ΒΙΖΑΡΙ","35.20946970000001","24.7022511"
"74100","ΡΕΘΥΜΝΟ","35.3643615","24.4821552"
"80100","ΚΥΘΗΡΑ ΑΝΤΙΚΥΘΗΡΑ","35.881144","23.2885249"
"80200","ΚΥΘΗΡΑ","36.25","23.0"
"81100","ΜΥΤΙΛΗΝΗ","39.1067382","26.557274699999997"
"81101","ΑΓΙΑΣΟΣ","39.0820946","26.372413800000004"
"81102","ΑΓΙΑ ΠΑΡΑΣΚΕΥΗ ΛΕΣΒΟ","39.248085","26.2713609"
"81103","ΑΝΤΙΣΣΑ","39.23400520000001","25.9801289"
"81104","ΜΑΝΤΑΜΑΔΟΣ","39.31026720000001","26.336253999999997"
"81105","ΕΡΕΣΟΣ","39.1704792","25.9341525"
"81106","ΠΑΠΠΑΔΟΣ","39.0390133","26.456544800000003"
"81107","ΚΑΛΛΟΝΗ","39.233118","26.2072301"
"81108","ΜΗΘΥΜΝΑ","39.36714600000001","26.1751462"
"81109","ΠΕΤΡΑ","39.32779439999999","26.175283"
"81110","ΒΑΤΟΥΣΑ","39.2251633","26.04836"
"81111","ΠΕΡΑΜΑ","39.0430748","26.5045429"
"81112","ΣΙΓΡΙΟ","39.21142400000001","25.8525479"
"81113","ΦΙΛΙΑ","37.1573835","21.5855686"
"81200","ΠΛΩΜΑΡΙ","38.97513","26.368441100000002"
"81300","ΠΟΛΙΧΝΙΤΟΣ","39.079097","26.1805543"
"81400","ΜΥΡΙΝΑ","39.875265","25.063448"
"81401","ΜΟΥΔΡΟΣ","39.8743467","25.2690527"
"81500","ΑΓΙΟΣ ΕΥΣΤΡΑΤΙΟΣ","39.5394875","24.9886687"
"82100","ΧΙΟΣ","38.3709813","26.1363457"
"82101","ΟΙΝΟΥΣΣΕΣ","38.5154349","26.220492100000005"
"82102","ΚΑΛΑΜΩΤΗ","38.2336689","26.0461716"
"82103","ΒΟΛΙΣΣΟΣ","38.4834047","25.9266574"
"82104","ΨΑΡΑ","38.541705","25.5625764"
"82200","ΒΡΟΝΤΑΔΟΣ","38.41369299999999","26.1323564"
"82300","ΚΑΡΔΑΜΥΛΑ","38.5288989","26.0921367"
"83100","ΣΑΜΟΣ","37.7559533","26.9761997"
"83101","ΜΥΤΙΛΗΝΙΟΙ","37.7272485","26.906703999999998"
"83102","ΜΑΡΑΘΟΚΑΜΠΟΣ","37.7272804","26.68924710000001"
"83103","ΠΥΘΑΓΟΡΕΙΟ","37.68994310000001","26.9426018"
"83104","ΠΥΡΓΟΣ ΣΑΜΟΥ","37.7089217","26.8033222"
"83200","ΚΑΡΛΟΒΑΣΙ","37.79208610000001","26.7049"
"83300","ΑΓΙΟΣ ΚΗΡΥΚΟΣ","37.6162112","26.2954532"
"83301","ΡΑΧΕΣ","37.6227034","26.061595999999998"
"83302","ΕΥΔΗΛΟΣ","37.63156160000001","26.1777245"
"83400","ΦΟΥΡΝΟΙ","37.5769503","26.482092600000005"
"84001","ΙΟΣ","36.7233028","25.2822782"
"84002","ΚΕΑ ΤΖΙΑ","37.60758","24.3103718"
"84003","ΣΙΦΝΟΣ","36.96795729999999","24.702417899999997"
"84004","ΚΙΜΩΛΟΣ","36.7929382","24.574732100000002"
"84005","ΣΕΡΙΦΟΣ","37.1558094","24.5059171"
"84006","ΚΥΘΝΟΣ","37.41232460000001","24.430803899999997"
"84007","ΑΝΤΙΠΑΡΟΣ","37.0403398","25.081415300000003"
"84008","ΑΜΟΡΓΟΣ","36.8400184","25.887664100000002"
"84009","ΑΝΑΦΗ","36.3514465","25.76803"
"84010","ΣΙΚΙΝΟΣ","36.6966848","25.1197219"
"84011","ΦΟΛΕΓΑΝΔΡΟΣ","36.6287384","24.9206651"
"84100","ΣΥΡΟΣ","37.439611","24.8880925"
"84200","ΤΗΝΟΣ","37.5393136","25.159823100000004"
"84201","ΠΑΝΟΡΜΟΣ ΤΗΝΟΥ","37.6406374","25.0407908"
"84300","ΝΑΞΟΣ","37.1021029","25.376114"
"84301","ΚΟΡΩΝΙΔΑ","37.4255841","23.120504"
"84302","ΧΑΛΚΕΙΟ","37.0632999","25.4822206"
"84400","ΠΑΡΟΣ","37.0856432","25.1488318"
"84401","ΝΑΟΥΣΑ ΠΑΡΟΥ","37.1235743","25.238722"
"84500","ΑΝΔΡΟΣ","37.83803820000001","24.9391268"
"84501","ΓΑΥΡΙΟ","37.88444580000001","24.7370121"
"84502","ΚΟΡΘΙΟ","38.0094706","23.7331367"
"84600","ΜΥΚΟΝΟΣ","37.4467185","25.3288623"
"84700","ΘΗΡΑ","36.3931562","25.461509200000002"
"84701","ΠΥΡΓΟΣ ΚΑΛΛΙΣΤ.ΘΗΡΑΣ","36.3810831","25.4424456"
"84702","ΟΙΑ","36.4618199","25.375310100000004"
"84703","ΕΜΠΟΡΕΙΟΝ","36.3563415","25.4420181"
"84800","ΜΗΛΟΣ","36.6914464","24.3935655"
"84801","ΑΔΑΜΑΣ","36.7252955","24.4447587"
"85001","ΛΕΙΨΟΙ","37.2953169","26.7685803"
"85002","ΤΗΛΟΣ","36.48007190000001","27.2896553"
"85100","ΡΟΔΟΣ","36.4349631","28.217482899999997"
"85101","ΙΑΛΥΣΟΣ","36.4126577","28.155407099999998"
"85102","ΑΡΧΑΓΓΕΛΟΣ","36.2145292","28.116926"
"85103","ΑΦΑΝΤΟΥ","36.2944144","28.162017300000002"
"85104","ΚΡΕΜΑΣΤΗ","36.4104187","28.119808399999997"
"85105","ΚΑΛΥΘΙΕΣ","36.33549429999999","28.175770500000002"
"85106","ΠΑΡΑΔΕΙΣΙ","36.3993436","28.083236100000004"
"85107","ΛΙΝΔΟΣ","36.09184860000001","28.085665399999996"
"85108","ΚΡΗΤΗΝΙΑ","36.24903320000001","27.8307934"
"85109","ΓΕΝΝΑΔΙ","36.0236145","27.9232631"
"85110","ΧΑΛΚΗ","36.2222849","27.611899400000002"
"85111","ΚΑΣΤΕΛΛΟΡΙΖΟ","36.1495227","29.5934415"
"85200","ΚΑΛΥΜΝΟΣ","36.95228240000001","26.980765299999998"
"85300","ΚΩΣ","36.89258710000001","27.287792600000003"
"85301","ΚΕΦΑΛΟΣ ΚΩ","36.7445146","26.9591755"
"85302","ΑΝΤΙΜΑΧΕΙΑ","36.8092579","27.0981016"
"85303","ΝΙΣΥΡΟΣ","36.59006189999999","27.1676269"
"85400","ΛΕΡΟΣ","37.1409141","26.848842699999995"
"85401","ΛΑΚΚΙ ΛΕΡΟΥ","37.1359936","26.841462100000005"
"85500","ΠΑΤΜΟΣ","37.3093015","26.546691100000004"
"85600","ΣΥΜΗ","36.6156541","27.8359617"
"85700","ΚΑΡΠΑΘΟΣ","35.5065632","27.2123511"
"85800","ΚΑΣΟΣ","35.40105300000001","26.926367100000004"
"85900","ΑΣΤΥΠΑΛΑΙΑ","36.5489003","26.3524437"
"90000","ΑΕΡΟΔΡΟΜΙΟ ΛΕΩΦΟΡΟ ΒΕΝΙΖΕΛΟΥ","37.9124909","23.9012203"
"90002","INTERCITY","47.91481839999999","-122.2351332"
"90003","INTERCITY","47.91481839999999","-122.2351332"
"84503","Κυκλάδες","36.8516125","25.3018402"
"55103","Θεσσαλονίκη","40.6400629","22.9444191"
"55510","Θεσσαλονίκη Προάστια","40.6400629","22.9444191"
"41000","Λάρισα","39.63902239999999","22.4191254"
"19019","Ανατολικά Προάστια","40.9748618","24.705529100000003"
"19017","Ανατολικά Προάστια","40.9748618","24.705529100000003"
"55102","Θεσσαλονίκη Προάστια","40.6400629","22.9444191"
"21000","Αργολίδα","37.6525404","22.858217"
"10173","Κέντρο Αθήνα","37.9886057","23.7030664"
"18446","Πειραιάς Κέντρο","37.9325109","23.6877871"
"54210","Θεσσαλονίκη Κέντρο","40.6093105","22.953029"
"54110","Θεσσαλονίκη Κέντρο","40.6093105","22.953029"
"16610","Γλυφάδα Νότια Προάστια","37.8650426","23.7550447"
"55110","Θεσσαλονίκη Προάστια","40.6400629","22.9444191"
"25000","Αχαϊα","38.1158729","21.9522491"
"55501","Θεσσαλονίκη Προάστια","40.6400629","22.9444191"
"71002","Ηράκλειο Κρήτης","38.0602","23.7730194"
"17655","Γλυφάδα Νότια Προάστια","37.8650426","23.7550447"
"73000","Χανιά Κρήτης","35.513829799999996","24.0180367"
"15374","Ανατολικά Προάστια","40.9748618","24.705529100000003"
"67150","Ξάνθη","41.130036100000005","24.8864902"
"58000","Πέλλα","40.763243599999996","22.5260527"
"13345","Δυτικά Προάστια","40.4883005","21.7104633"
